Sample ID,Mean 01,Mean 02,Mean 03,Mean 04,Mean 05,Mean 06,Mean 07,Mean 08,StdDev 01,StdDev 02,StdDev 03,StdDev 04,StdDev 05,StdDev 06,StdDev 07,StdDev 08
0b_100p_a_b1_c1_raw,7.160357,11.65485,13.05031,12.89951,9.899371,5.266939,6.054938,12.43616,6.458393,6.328138,4.410074,3.675514,3.192111,4.25575,5.080285,5.587257
0b_100p_b_b1_c1_raw,7.218598,11.32517,13.0662,12.82436,10.02608,4.888238,5.724298,12.82509,6.345868,6.075068,4.277581,3.469374,2.845242,2.147941,2.341696,3.466689
0b_100p_c_b1_c1_raw,7.516735,11.63161,13.43097,13.30227,10.36446,5.111422,5.918651,12.98993,6.390769,6.038747,4.32594,3.739177,3.364512,2.434335,2.554195,3.71588
0b_100p_d_b1_c1_raw,7.474771,11.58561,13.91705,13.86505,10.86184,5.23495,6.197229,13.88032,6.4068,6.125045,4.753941,4.288995,3.786102,2.574435,2.902,4.703761
0b_100p_e_b1_c1_raw,7.535139,11.40596,13.8829,13.71606,10.69058,5.108005,5.979292,13.50105,6.353251,6.093569,4.312657,3.612023,3.175849,2.308084,2.531356,3.801459
100b_0p_a_b1_c1_raw,4.84002,8.161232,8.810673,7.839287,5.638303,3.102084,3.418235,7.035158,5.807873,6.023768,4.243943,3.351951,2.564729,1.811417,1.940032,3.39879
100b_0p_b_b1_c1_raw,4.958498,8.008679,8.872536,7.855508,5.596966,2.888067,3.189441,6.965333,5.83459,6.004272,4.14575,3.168123,2.251667,1.569231,1.692674,2.865045
100b_0p_c_b1_c1_raw,4.714738,7.679753,8.507233,7.492953,5.264396,2.735635,3.058998,6.618952,5.740729,6.021676,4.21324,3.293294,2.457983,1.613353,1.771492,3.154572
100b_0p_d_b1_c1_raw,4.675732,7.716556,8.258558,7.336395,5.223661,2.789589,3.065145,6.424962,5.820051,6.114288,4.104814,3.174984,2.290915,1.622647,1.715802,2.684777
100b_0p_e_b1_c1_raw,4.71152,7.691363,8.385747,7.388479,5.148883,2.669137,2.971335,6.542193,5.774916,6.02096,4.109082,3.181414,2.205275,1.528086,1.63168,2.667122
20b_80p_a_b1_c1_raw,6.151,9.707217,11.64822,11.2698,8.539252,4.179485,4.696237,10.89041,6.139872,6.026273,4.393038,3.768343,3.174813,2.095607,2.28548,3.716624
20b_80p_b_b1_c1_raw,6.234143,10.05577,12.10248,11.66217,8.984173,4.384503,4.891739,11.40573,6.122212,6.031145,4.277617,3.536444,3.081601,2.208296,2.361746,3.717552
20b_80p_c_b1_c1_raw,6.402794,10.02357,12.39595,12.0487,9.211152,4.354941,4.886904,11.81043,6.02002,5.914367,4.049612,3.360971,2.799355,2.053376,2.190863,3.35882
20b_80p_d_b1_c1_raw,5.91552,9.572911,11.46902,10.9724,8.345658,3.982017,4.510822,10.65956,6.129961,6.129164,4.182782,3.31603,2.656875,1.907532,2.073964,3.275014
20b_80p_e_b1_c1_raw,5.93628,9.747003,11.78112,11.38884,8.30803,4.128389,4.63268,11.04228,6.048847,5.948395,4.196304,3.524795,2.885558,2.146894,2.345914,3.667913
40b_60p_a_b1_c1_raw,6.195949,9.960637,11.80182,11.07582,8.111549,4.078979,4.692241,10.45362,6.211587,6.075953,4.228243,3.472414,2.808801,1.940242,2.145573,3.512649
40b_60p_b_b1_c1_raw,5.755202,9.25286,10.83237,10.18802,7.461122,3.733034,4.243191,9.578342,6.135005,6.160168,4.208975,3.347129,2.559667,1.939232,2.099977,3.159763
40b_60p_c_b1_c1_raw,5.509498,8.978397,10.27388,9.642139,6.992727,3.530009,4.037256,9.071613,6.007034,6.061895,4.263445,3.448587,2.70001,1.932882,2.17402,3.251956
40b_60p_d_b1_c1_raw,5.763244,9.279352,10.79026,10.10408,7.386828,3.754544,4.224315,9.38009,5.950098,6.03079,4.313946,3.549306,2.942855,2.098912,2.312262,3.828791
40b_60p_e_b1_c1_raw,5.7575,9.242177,10.88331,10.19264,7.43855,3.697069,4.188665,9.500901,6.00567,5.992843,4.198929,3.426522,2.792084,1.99049,2.17893,3.489752
60b_40p_a_b1_c1_raw,5.700714,9.321424,10.22171,9.298265,6.513443,3.283128,3.839994,8.603965,5.942691,6.087719,4.28617,3.530518,2.71149,1.845851,2.13721,3.44793
60b_40p_b_b1_c1_raw,5.398085,8.968588,9.825652,8.915888,6.040752,3.170319,3.70053,8.284999,5.934956,6.127513,4.160686,3.251595,2.349715,1.772825,1.978459,3.149995
60b_40p_c_b1_c1_raw,5.435055,8.835588,9.842444,8.973116,6.343655,3.251525,3.749742,8.320073,5.911674,5.975104,4.253897,3.499616,2.854536,1.856329,2.049104,3.536396
60b_40p_d_b1_c1_raw,5.355245,8.501876,9.262824,8.435889,5.882586,3.066227,3.559627,7.885861,6.021249,6.137341,4.164264,3.267825,2.314573,1.656279,1.81534,2.93117
60b_40p_e_b1_c1_raw,5.279951,8.743549,9.19715,8.274851,5.774711,3.086919,3.540051,7.70772,5.882394,5.980667,4.152752,3.253143,2.363325,1.825824,2.169041,3.068372
80b_20p_a_b1_c1_raw,5.028183,8.587478,9.352633,8.39122,5.801419,3.248713,3.690733,7.647042,5.833371,5.94573,4.031747,3.157975,2.277479,1.817962,1.984025,2.920762
80b_20p_b_b1_c1_raw,5.050509,8.2901,9.380942,8.466498,5.944366,3.116577,3.556553,7.794401,5.926131,6.055156,4.149939,3.268908,2.401874,1.774783,1.925564,3.140026
80b_20p_c_b1_c1_raw,4.977485,8.262998,9.069427,8.135062,5.622983,3.015857,3.459983,7.491199,5.771485,5.953123,4.010821,3.104122,2.219878,1.655429,1.817131,2.876953
80b_20p_d_b1_c1_raw,5.074319,8.495378,9.475244,8.566362,6.002157,3.214029,3.64295,7.798972,5.819088,5.942123,4.139331,3.292144,2.445369,1.80035,1.957094,3.063408
80b_20p_e_b1_c1_raw,5.182937,8.573792,9.712707,8.830074,6.285133,3.305523,3.789266,8.25423,5.867079,5.975652,4.325592,3.510201,2.811273,1.877543,2.129158,3.744959
0b_100p_c1_b2_a,6.008172,9.900598,13.59888,13.15316,10.22417,5.930232,6.333017,12.30696,6.054212,5.87514,3.745817,3.110742,2.627553,1.718068,1.961757,3.433985
0b_100p_c1_b2_b,6.264853,10.10977,13.87152,13.56819,10.08415,5.873979,6.647862,12.6806,6.014319,5.892729,3.954356,3.42313,2.83712,1.945468,2.335964,4.026925
0b_100p_c1_b2_c,6.367279,10.14354,14.34777,13.94323,10.68308,6.128831,6.760963,12.90705,6.079216,5.892369,3.911518,3.446403,3.066941,2.021122,2.342456,3.81852
0b_100p_c2_b2_a,5.967736,9.574363,13.49567,13.25247,10.05451,5.840605,6.441262,12.39814,5.98822,5.936338,3.803258,3.272506,2.841048,1.965426,2.258081,3.804875
0b_100p_c2_b2_b,6.270874,9.922763,14.07592,13.67254,10.16946,5.989873,6.677764,12.80393,6.086276,5.875909,3.639262,3.083174,2.339873,1.629659,1.810901,3.185124
0b_100p_c2_b2_c,6.35068,10.01615,14.11769,13.84531,10.68891,6.278605,6.839254,13.04188,6.054341,5.814437,3.928145,3.451352,3.138369,2.113681,2.39734,4.005073
100b_0p_c1_b2_a,4.388147,7.149318,8.607341,7.736806,6.06073,4.246357,4.345527,6.586657,5.601327,5.923989,3.799513,2.856596,1.877425,1.208092,1.298164,2.364504
100b_0p_c1_b2_b,4.243302,6.888792,8.292131,7.483896,5.94756,4.071023,4.096719,6.213486,5.513897,5.819918,3.774182,2.902933,1.956649,1.146488,1.24476,2.329078
100b_0p_c1_b2_c,4.234645,6.982942,8.329073,7.474912,5.78595,4.047553,4.139637,6.309032,5.51596,5.872919,3.822029,3.014461,2.005085,1.277003,1.398234,2.611551
100b_0p_c2_b2_a,4.512186,7.201009,9.192963,8.390227,6.539646,4.415017,4.477934,6.950566,5.612259,5.882157,3.948684,3.200859,2.423201,1.556625,1.743544,3.281986
100b_0p_c2_b2_b,4.512038,7.573182,9.454456,8.709846,7.055971,4.787392,4.824945,7.36703,5.590512,5.823776,3.857558,3.122986,2.565894,1.594541,1.829147,3.305489
100b_0p_c2_b2_c,4.532064,7.256808,9.649776,8.898814,7.065567,4.651532,4.785899,7.608606,5.716234,5.998116,4.174939,3.510156,2.821903,1.519155,1.729296,3.686352
10b_90p_c1_b2_a,6.098408,9.930855,13.6659,13.11119,10.33058,6.036978,6.338883,12.11135,6.130894,5.875957,3.805517,3.201882,2.521119,1.743929,1.964223,3.288981
10b_90p_c1_b2_b,5.601101,9.00565,12.51161,12.0104,8.933391,5.125849,5.544244,10.84139,5.908427,5.948307,4.067581,3.54099,2.481184,1.617555,1.851387,3.482234
10b_90p_c1_b2_c,5.950342,9.431647,12.96663,12.66069,9.831556,5.719363,6.239285,11.75694,6.077799,5.927543,3.878603,3.332619,2.776778,1.772652,2.006715,3.349217
10b_90p_c2_b2_a,5.664237,9.270136,12.9631,12.68022,9.868038,5.729082,6.003281,11.69915,5.923134,5.843131,3.774331,3.286261,2.712067,1.785867,1.938192,3.417172
10b_90p_c2_b2_b,5.902012,9.315203,13.30446,12.90315,10.14064,5.753414,5.986252,11.87262,5.922195,5.773683,3.656405,3.018516,2.42567,1.602561,1.781808,3.279669
10b_90p_c2_b2_c,5.932427,9.366155,13.34011,12.80114,9.864882,5.825766,6.294417,11.96544,6.082316,5.920109,3.844952,3.331499,2.881718,1.769126,2.001818,3.452859
20b_80p_c1_b2_a,5.801714,9.260487,12.64114,12.16872,9.660121,5.672368,5.800692,10.86631,5.893156,5.837443,3.871021,3.2471,2.773381,2.006563,2.040671,3.498321
20b_80p_c1_b2_b,5.742315,9.314058,12.28279,11.57818,9.321222,5.577053,5.732775,10.38134,5.862481,5.913832,3.770333,3.087856,2.744574,1.928652,2.037423,3.228521
20b_80p_c1_b2_c,5.825327,9.587574,12.93876,12.18587,9.514809,5.723799,6.011876,10.8231,5.974871,5.935104,3.836271,3.162792,2.578444,1.866525,2.154054,3.538566
20b_80p_c2_b2_a,5.236175,8.43452,11.56502,10.87323,8.808306,5.258555,5.274278,9.891037,5.749236,5.768206,3.695462,2.9064,2.254789,1.586571,1.744212,2.91591
20b_80p_c2_b2_b,5.352285,8.735712,12.02319,11.33639,8.722057,5.162668,5.369869,10.18099,5.846373,5.870918,3.668334,3.032749,2.131714,1.39847,1.611024,3.039096
20b_80p_c2_b2_c,5.461294,8.899817,12.25006,11.70656,8.832758,5.330018,5.627804,10.64694,5.937071,5.931756,3.693753,3.142397,2.29714,1.560147,1.659487,2.960167
30b_70p_c1_b2_a,5.37696,8.91329,11.91287,11.28445,8.587362,5.245458,5.597197,10.16742,5.864405,5.869624,3.692787,2.973974,2.307254,1.603151,1.769675,2.991512
30b_70p_c1_b2_b,5.721302,9.260016,12.75986,12.08382,9.426453,5.642399,6.146557,11.21728,6.00434,5.981683,4.210868,3.69106,3.364184,2.056447,2.363329,4.332579
30b_70p_c1_b2_c,5.700245,9.128439,12.51709,11.96534,9.224758,5.569069,5.805025,10.64406,5.853822,5.943375,3.97343,3.440818,3.010265,2.123046,2.261909,3.918426
30b_70p_c2_b2_a,5.163228,8.479367,11.87788,11.44724,8.36972,5.046716,5.305687,10.06192,5.764384,5.839835,3.884142,3.308858,2.417567,1.644352,1.867669,3.512921
30b_70p_c2_b2_b,5.337541,8.309561,11.54956,10.91299,8.457792,5.038074,5.318057,9.884912,5.901363,5.982715,3.803907,3.028248,2.410645,1.541328,1.692158,2.909644
30b_70p_c2_b2_c,5.320897,8.743921,11.97937,11.48737,8.488197,5.185409,5.541383,10.27445,5.810138,5.897933,3.658956,2.924453,2.173783,1.503063,1.866619,3.134813
40b_60p_c1_b2_a,5.292623,8.847889,11.74267,11.05841,8.474424,5.332774,5.614836,10.0766,5.873228,5.962654,4.027044,3.326899,2.870121,1.944222,2.140712,3.771727
40b_60p_c1_b2_b,5.195682,8.281776,11.30684,10.57333,8.040948,4.974243,5.317093,9.511356,5.861805,5.943738,3.783826,3.004205,2.239638,1.473949,1.653165,2.96215
40b_60p_c1_b2_c,5.117561,8.329515,11.31003,10.55221,8.494152,5.151924,5.210421,9.389067,5.858962,5.963143,3.854027,3.125261,2.651629,1.764633,1.825526,3.183144
40b_60p_c2_b2_a,5.237812,8.64025,11.90084,11.34006,8.424457,5.073253,5.387963,10.11477,5.745876,5.830317,4.044739,3.476294,2.88639,1.704932,2.069515,3.94166
40b_60p_c2_b2_b,5.23467,8.747508,11.55988,10.9889,8.168193,5.073303,5.404181,9.81905,5.803424,5.905712,3.675029,2.907997,2.23818,1.500076,1.645079,2.878624
40b_60p_c2_b2_c,5.14329,8.25421,11.47408,10.80866,8.241613,5.005723,5.285018,9.629644,5.867655,5.962469,3.945541,3.411865,2.662265,1.61182,1.788452,3.353593
50b_50p_c1_b2_a,5.072465,8.156217,10.7489,9.994179,7.730143,4.797723,4.998092,8.778327,5.726468,5.877796,3.676595,2.90597,2.102134,1.524644,1.673418,2.889799
50b_50p_c1_b2_b,5.01159,8.424125,10.74235,9.867017,7.59429,4.809692,5.071942,8.7388,5.790321,5.875108,3.698712,2.910562,1.981282,1.347802,1.696977,2.922026
50b_50p_c1_b2_c,5.341565,9.214024,11.69029,10.66742,8.434876,5.420196,5.637118,9.552285,5.877285,5.863564,4.224221,3.561149,2.942407,1.884242,2.16663,3.887574
50b_50p_c2_b2_a,5.090633,8.344253,11.25834,10.55878,8.243603,5.150206,5.330508,9.452477,5.702865,5.757085,3.685586,2.950707,2.467017,1.56004,1.703488,3.25103
50b_50p_c2_b2_b,4.999858,8.111878,10.78288,10.10687,7.688654,4.91918,5.205426,8.923961,5.764423,5.901919,3.678103,2.912609,2.236645,1.399824,1.611508,2.943147
50b_50p_c2_b2_c,5.007894,8.37902,11.34047,10.73711,8.555816,5.369053,5.56261,9.735929,5.783639,5.917194,4.034755,3.382881,2.96482,1.938867,2.109344,3.726301
60b_40p_c1_b2_a,4.974026,8.223573,10.79352,10.11749,7.538787,4.70663,5.084329,9.037349,5.742981,5.891788,4.076003,3.489779,2.84527,1.624009,1.915011,3.756153
60b_40p_c1_b2_b,5.24439,8.597465,10.91113,10.11492,7.846399,4.965244,5.187222,8.854777,5.869799,5.911036,3.825537,3.173248,2.484362,1.635624,1.887334,3.221394
60b_40p_c1_b2_c,5.01387,8.390686,10.69638,9.761216,7.319604,4.701262,4.893078,8.436546,5.703266,5.833744,3.970312,3.378365,2.512247,1.672141,1.848033,3.581897
60b_40p_c2_b2_a,4.707668,7.968543,10.38025,9.705594,7.491032,4.765956,4.795466,8.492345,5.556212,5.76085,3.729748,3.014672,2.253848,1.527374,1.770118,3.202261
60b_40p_c2_b2_b,4.856222,8.171593,10.6751,9.878178,7.74699,4.876069,5.040849,8.737839,5.681605,5.798984,3.7213,2.937712,2.283435,1.544088,1.735823,3.107732
60b_40p_c2_b2_c,4.901245,7.986503,10.78871,9.998179,7.882334,4.969867,5.089232,8.790719,5.773061,5.957672,3.98476,3.246298,2.567261,1.645706,1.810737,3.382612
70b_30p_c1_b2_a,4.773325,7.844661,9.792118,9.04046,6.971328,4.46912,4.685707,7.891926,5.711687,5.958725,3.928522,3.196048,2.468841,1.5828,1.77607,3.227
70b_30p_c1_b2_b,4.755782,7.789113,9.825267,9.012199,6.945625,4.577207,4.72952,7.773791,5.649575,5.798122,3.873685,3.083769,2.211555,1.466368,1.645944,2.935115
70b_30p_c1_b2_c,4.779996,7.927228,10.06799,9.197998,7.031897,4.554992,4.6879,7.945702,5.667712,5.826926,3.723098,2.921537,2.148391,1.363302,1.521807,2.860267
70b_30p_c2_b2_a,4.603566,7.707356,9.899361,9.042015,7.031463,4.666723,4.795136,7.928549,5.560037,5.810331,3.649424,2.734043,1.859066,1.443694,1.762785,2.734571
70b_30p_c2_b2_b,4.717575,7.710665,10.05891,9.312862,7.154768,4.626128,4.8165,8.03556,5.605523,5.762687,3.845752,3.130674,2.347339,1.362061,1.598318,3.154485
70b_30p_c2_b2_c,4.548619,7.288354,10.00615,9.271747,7.21333,4.454451,4.636728,8.320141,5.578152,5.829076,3.95009,3.237075,2.59524,1.470997,1.726554,3.693952
80b_20p_c1_b2_a,4.61305,7.657834,9.6121,8.826832,6.887372,4.481198,4.622517,7.56636,5.568453,5.762174,3.808844,3.050375,2.38306,1.46539,1.686477,3.209773
80b_20p_c1_b2_b,4.572688,7.886045,9.409884,8.719995,6.742964,4.587457,4.67628,7.346892,5.565617,5.76129,3.779623,2.999504,2.340065,1.660356,2.006058,3.046874
80b_20p_c1_b2_c,4.756067,8.040973,9.557956,8.709291,6.695386,4.574756,4.635939,7.178966,5.666748,5.923452,3.802025,2.939125,2.129741,1.960601,2.301413,3.222694
80b_20p_c2_b2_a,4.48343,7.210399,9.283922,8.567711,6.806074,4.405894,4.478961,7.448346,5.52893,5.809606,3.711104,2.889602,2.176947,1.382485,1.543355,2.941597
80b_20p_c2_b2_b,4.485454,7.285758,9.537783,8.860268,6.796355,4.354741,4.50044,7.564062,5.572092,5.863276,3.826555,3.048643,2.139801,1.350994,1.544187,2.839858
80b_20p_c2_b2_c,4.535615,7.203066,9.603971,8.87923,7.077552,4.51586,4.618731,7.700563,5.531632,5.889659,4.092952,3.437328,3.033024,1.799754,1.995998,3.778867
90b_10p_c1_b2_a,4.545567,7.474753,9.243374,8.444183,6.654456,4.47534,4.561423,7.261534,5.582644,5.799965,3.768886,2.972183,2.24325,1.325118,1.480366,3.023569
90b_10p_c1_b2_b,4.677768,7.662462,9.641663,8.809608,6.878167,4.483934,4.616398,7.592336,5.593081,5.808928,3.721237,2.896323,2.231006,1.328918,1.502912,3.13538
90b_10p_c1_b2_c,4.695919,7.728667,9.850813,9.050563,7.278521,4.705114,4.777468,7.820428,5.683645,5.864545,3.914774,3.25247,2.714654,1.537844,1.672131,3.270365
90b_10p_c2_b2_a,4.331417,7.262561,9.264288,8.463705,6.456097,4.359804,4.521841,7.300157,5.458712,5.734217,3.690958,2.856956,1.97122,1.24029,1.432093,2.702634
90b_10p_c2_b2_b,4.335711,7.003408,9.052794,8.260384,6.536489,4.275512,4.396375,7.183487,5.610906,5.930354,3.806893,2.90499,2.015952,1.326944,1.524855,2.817846
90b_10p_c2_b2_c,4.472231,7.178438,9.289886,8.436918,6.588232,4.430967,4.542183,7.175962,5.657968,5.963862,3.85358,2.992451,2.136994,1.405451,1.593173,2.797595
0b_100p_c1_b3_a,11.8315,13.20642,14.93197,14.65898,11.47052,7.088643,7.609285,14.24133,7.753938,6.515998,3.572508,3.23152,3.131897,2.284119,2.619531,4.015781
0b_100p_c1_b3_b,11.89295,13.29139,14.93697,14.50507,11.11847,6.986617,7.590183,14.06451,7.825147,6.603579,3.531682,3.045331,2.800744,2.228549,2.474752,3.576758
0b_100p_c1_b3_c,12.17209,13.95852,15.54755,15.29934,12.03244,7.509086,8.012242,14.72518,8.011081,6.729011,3.566983,3.306026,3.182209,2.491489,2.691857,3.873919
0b_100p_c1_b3_d,12.01639,13.49617,15.14211,14.73046,11.29756,7.120219,7.690692,14.08821,7.832466,6.75355,3.574673,3.076454,2.857107,2.433474,2.637255,3.785746
0b_100p_c2_b3_a,12.07193,13.78167,15.22067,14.98682,11.80496,7.426276,7.997566,14.77152,7.926909,6.564139,3.695498,3.245797,2.930116,2.331447,2.584437,3.781379
0b_100p_c2_b3_b,11.96008,13.51714,14.71766,14.30507,11.49059,7.15556,7.580261,14.06311,7.791566,6.497068,3.36014,2.888251,2.927032,2.305611,2.525617,3.700038
0b_100p_c2_b3_c,12.3456,13.75376,15.16371,14.8538,11.71782,7.217803,7.808798,14.32411,7.77778,6.438545,3.475023,3.114801,2.989039,2.169703,2.479778,3.908042
0b_100p_c2_b3_d,12.12096,13.98348,15.20166,14.72958,11.95605,7.531584,7.993372,14.56277,7.910775,6.597012,3.493506,3.063212,3.025481,2.374646,2.720107,4.108984
100b_0p_c1_b3_a,10.7629,12.55794,13.32216,12.14109,9.621514,6.466918,6.67251,10.79938,7.850172,6.862767,4.072766,3.631302,3.481911,2.641123,3.0276,4.754858
100b_0p_c1_b3_b,11.14541,12.52414,13.59837,12.51142,10.01145,6.523876,6.684571,11.2583,7.7277,6.614316,4.224343,3.838252,3.869985,2.65522,2.947669,5.251424
100b_0p_c1_b3_c,11.0895,12.64889,14.28461,12.97042,10.62579,6.60355,6.725116,11.84669,7.696211,6.499901,4.196558,3.727417,3.660383,2.354181,2.544165,4.802649
100b_0p_c1_b3_d,11.12507,12.9392,14.51569,13.33131,10.78284,6.810322,6.930977,12.19053,7.664419,6.492751,4.022989,3.795688,3.812093,2.386771,2.659099,5.238154
100b_0p_c2_b3_a,11.41607,13.15914,14.18797,13.00929,10.79986,6.947592,7.137705,12.24505,7.898511,6.620144,4.424707,4.101459,4.271591,2.543429,2.775003,5.594802
100b_0p_c2_b3_b,11.23011,12.57722,13.85943,12.64186,10.34747,6.631163,6.830148,11.65589,7.795214,6.683657,4.346386,3.921075,4.033337,2.567974,2.835162,5.435285
100b_0p_c2_b3_c,11.32268,12.8992,13.73263,12.69668,10.43845,6.816407,6.841452,11.2712,7.780603,6.594409,4.00851,3.623047,3.716042,2.806456,2.824338,4.859945
100b_0p_c2_b3_d,11.13237,12.87934,13.77331,12.89761,10.30768,6.704279,6.819684,11.3171,7.755657,6.643929,4.23778,3.945079,3.867504,2.813834,2.913047,5.149084
20b_80p_c1_b3_a,11.55271,13.10576,14.10944,13.33713,10.7141,6.76721,7.077616,12.72659,7.842269,6.569601,3.25435,2.613419,2.271755,1.801106,2.047852,3.008845
20b_80p_c1_b3_b,11.59181,13.26222,14.2763,13.7496,11.11692,6.926735,7.290982,13.16295,7.777419,6.462983,3.501073,2.906121,2.719949,2.055238,2.301934,3.643019
20b_80p_c1_b3_c,11.54765,13.1036,14.0479,13.50718,10.78,6.751617,7.083558,12.66662,7.754979,6.448386,3.364157,2.741973,2.447542,1.869996,2.049072,3.080705
20b_80p_c1_b3_d,11.97711,13.62301,14.68944,14.22843,11.258,7.164629,7.569991,13.53025,7.888333,6.57056,3.361453,2.845056,2.678647,2.273054,2.584883,3.81012
20b_80p_c2_b3_a,12.05006,13.7508,14.90482,14.02007,11.33007,7.277376,7.684546,13.52791,8.048266,6.652144,3.969604,3.464278,3.249378,2.302151,2.569923,4.235269
20b_80p_c2_b3_b,11.88332,13.53425,14.44933,14.04103,11.35113,7.132574,7.427567,13.37369,7.866431,6.5709,3.457806,2.977144,2.919797,2.373205,2.584743,3.742081
20b_80p_c2_b3_c,11.84556,13.22911,14.04197,13.3393,10.80742,6.796402,7.047799,12.56293,7.906661,6.708197,3.69818,3.120057,2.806618,2.391504,2.624919,3.68277
20b_80p_c2_b3_d,11.60354,13.07847,14.03614,13.31794,10.77764,6.918669,7.133305,12.49002,7.795736,6.5846,3.624385,3.069404,2.925939,2.335666,2.553062,3.756044
40b_60p_c1_b3_a,11.51099,13.70342,14.31086,13.66763,10.68182,6.972654,7.354259,12.74098,7.869363,6.649025,3.765783,3.410572,3.212729,2.736207,3.321628,4.78921
40b_60p_c1_b3_b,11.50302,13.04558,14.08511,13.27853,10.52438,6.622358,7.001634,12.51576,7.791212,6.507539,3.686465,3.342829,3.145384,2.169078,2.396374,4.0815
40b_60p_c1_b3_c,11.52339,12.95908,14.36633,13.4525,10.75501,6.724844,7.00046,12.64078,7.779955,6.630193,3.892618,3.572471,3.626768,2.558373,2.731365,4.51315
40b_60p_c1_b3_d,11.72304,13.34487,14.66494,13.8076,10.99702,6.929355,7.322589,13.14921,7.790742,6.586216,3.950577,3.56206,3.501683,2.419993,2.909509,5.003834
40b_60p_c2_b3_a,11.47086,13.0954,13.93769,12.86323,10.15519,6.518147,6.845832,12.07558,7.781648,6.581674,3.430202,2.843916,2.548847,1.935991,2.210748,3.675575
40b_60p_c2_b3_b,11.72308,13.35894,14.51898,13.70803,11.27896,6.910236,7.132382,12.95075,7.788608,6.532991,4.091312,3.85593,3.932392,2.408466,2.639573,5.006835
40b_60p_c2_b3_c,11.42806,13.27317,13.83178,12.97076,10.35125,6.707767,6.993267,12.33924,7.707076,6.461463,3.449394,2.878236,2.678261,2.212095,2.617766,4.013755
40b_60p_c2_b3_d,11.47725,13.08474,14.11194,13.42325,10.62582,6.789736,6.98713,12.67702,7.818848,6.746761,4.228875,3.953643,3.892177,2.716806,2.896462,5.131047
60b_40p_c1_b3_a,10.91609,12.72193,13.78302,12.77904,10.19809,6.504667,6.761185,12.08309,7.817938,6.782159,3.856651,3.402358,3.187969,2.291177,2.485264,4.447191
60b_40p_c1_b3_b,11.08111,12.93466,14.06667,12.91216,10.34675,6.66879,6.99324,12.37667,7.719625,6.470057,3.587233,2.998292,2.877911,2.04945,2.315455,4.05652
60b_40p_c1_b3_c,11.18123,12.93923,14.13566,13.21725,10.50302,6.886066,7.101554,12.62756,7.773791,6.497425,4.11125,3.655609,3.861696,3.30957,2.773969,4.940437
60b_40p_c1_b3_d,10.9805,12.74289,13.69381,12.59025,9.887905,6.547538,6.888772,11.72092,7.90413,6.716358,4.091784,3.893948,3.539263,2.57472,3.225531,5.175206
60b_40p_c2_b3_a,11.75157,13.18901,14.52488,13.78502,11.23681,7.043875,7.282734,13.01291,7.878472,6.631371,3.817878,3.374218,3.394329,2.319175,2.52452,4.386987
60b_40p_c2_b3_b,11.52864,13.13934,13.96482,13.12392,10.55147,6.77253,7.056258,12.27569,7.81867,6.682635,3.683314,3.152167,3.10495,2.241285,2.536658,4.205859
60b_40p_c2_b3_c,11.63925,13.10798,14.45801,13.52774,11.10146,6.857916,7.024684,12.57659,7.838356,6.595877,4.02498,3.768715,3.860871,2.429999,2.626888,4.946968
60b_40p_c2_b3_d,11.53949,13.35685,14.40748,13.47332,10.37951,6.669065,6.855636,12.60791,7.769537,6.643927,3.960259,3.586498,3.44114,2.192102,2.445661,4.861771
70b_30p_c1_b3_a,11.41974,12.9209,14.06041,13.03232,10.65823,6.746617,7.026466,12.14653,7.804804,6.6541,4.359366,3.885381,4.005416,2.684655,3.036696,5.370041
70b_30p_c1_b3_b,11.41765,12.71333,13.63407,12.55964,10.14935,6.470914,6.665143,11.43101,7.76765,6.644702,3.919516,3.45061,3.365762,2.202535,2.425249,4.568769
70b_30p_c1_b3_c,11.67445,13.83673,14.53224,13.59964,11.08551,7.390038,7.620633,12.72801,7.852211,6.493202,3.799144,3.333695,3.272405,2.702901,2.912144,4.700615
70b_30p_c1_b3_d,11.45403,13.16056,14.32526,13.50859,10.43263,6.69725,6.946695,12.19857,7.76197,6.584198,4.104079,3.457631,3.292573,2.461986,2.76122,4.687541
70b_30p_c2_b3_a,11.01769,12.63365,13.8839,12.79364,9.944409,6.409358,6.677224,11.72778,7.727913,6.577276,3.662378,3.280222,2.931629,1.997002,2.25689,3.893981
70b_30p_c2_b3_b,10.96323,12.40299,13.54252,12.4373,9.928452,6.304402,6.584786,11.62385,7.706846,6.531071,3.728735,3.173131,2.975539,1.986056,2.24347,4.14803
70b_30p_c2_b3_c,11.10933,12.57707,13.85111,12.83198,10.23098,6.471998,6.789984,11.92,7.735285,6.53127,3.980605,3.38351,3.207511,2.090793,2.468095,4.530997
70b_30p_c2_b3_d,11.27929,12.68078,14.20745,13.25041,10.76982,6.663195,6.876987,12.22313,7.823807,6.582158,4.13769,3.71412,3.470547,2.162897,2.411452,4.54768
80b_20p_c1_b3_a,10.81875,12.16547,13.58196,12.52315,10.09406,6.379241,6.634409,11.7579,7.84515,6.735865,3.707921,3.207309,3.084731,2.036469,2.235457,4.056827
80b_20p_c1_b3_b,11.08828,12.73581,13.91644,12.84547,10.16124,6.640512,7.00293,12.04156,7.824907,6.561008,4.061532,3.703413,3.429876,2.266975,2.641583,4.919213
80b_20p_c1_b3_c,11.05454,12.50992,13.76406,12.78249,10.51105,6.554611,6.765512,11.92114,7.724187,6.551784,3.96698,3.579312,3.661885,2.282503,2.546957,4.837681
80b_20p_c1_b3_d,11.51787,13.07026,14.62387,13.471,10.98061,6.881066,7.08343,12.40339,7.724701,6.438828,4.036461,3.665079,3.787881,2.400316,2.640605,4.993764
80b_20p_c2_b3_a,11.2736,12.87755,14.0836,13.1732,10.56193,6.780566,7.163434,12.71377,7.771164,6.513167,3.796307,3.352,3.424244,2.32497,2.678545,4.730991
80b_20p_c2_b3_b,11.01048,12.47098,13.54396,12.35462,9.879698,6.444898,6.649678,11.51694,7.801155,6.698227,3.80773,3.215741,3.104636,2.259098,2.491277,4.305529
80b_20p_c2_b3_c,11.24101,12.60807,13.66184,12.66446,10.26373,6.522834,6.762706,11.68893,7.734652,6.610107,3.976724,3.506931,3.447118,2.268373,2.569991,4.738891
80b_20p_c2_b3_d,10.99032,12.2657,13.48024,12.37552,9.94869,6.275315,6.447169,11.52235,7.725386,6.582807,3.974958,3.410426,3.355841,2.24315,2.425246,4.777593
90b_10p_c1_b3_a,10.81795,12.24673,13.05032,12.01748,9.885461,6.394367,6.548277,11.13459,7.734748,6.553323,3.811368,3.306154,3.191346,2.033872,2.283788,4.295127
90b_10p_c1_b3_b,11.1601,12.75336,14.19525,13.11131,10.60752,6.729346,6.94173,12.21895,7.805336,6.684106,4.204345,3.837794,3.892125,2.455346,2.753404,5.277109
90b_10p_c1_b3_c,10.9896,12.55223,13.69749,12.66739,10.18589,6.488905,6.669346,11.71794,7.772312,6.622621,4.207052,3.801964,3.721283,2.331323,2.629247,5.066164
90b_10p_c1_b3_d,10.80819,12.10983,13.3312,12.29978,9.928635,6.286785,6.553819,11.38233,7.680476,6.505316,4.130121,3.812986,3.711137,2.229279,2.569846,5.105141
90b_10p_c2_b3_a,11.19486,12.55766,13.35351,12.31779,10.07671,6.42243,6.585205,11.34923,7.757858,6.64667,3.744329,3.239566,3.214128,2.120229,2.388426,4.400141
90b_10p_c2_b3_b,11.48363,12.90048,14.09037,13.08745,10.86731,6.82126,6.928344,12.17478,7.799304,6.592208,4.405296,4.046991,4.199319,2.608072,2.82634,5.565447
90b_10p_c2_b3_c,10.86675,12.1194,13.25895,12.16026,9.929382,6.257491,6.443456,11.25655,7.676216,6.516961,3.74538,3.281214,3.347541,2.077312,2.3217,4.574909
90b_10p_c2_b3_d,11.29128,12.75012,14.06409,12.85744,10.25986,6.532498,6.821788,11.94384,7.83687,6.723434,4.528154,4.087393,4.007183,2.456557,2.900631,5.471506
0b_100p_c1_b4_a,14.4492,15.23157,15.87286,15.48217,12.37309,7.467906,8.291633,15.10117,8.060575,6.612761,3.412265,2.923935,2.523669,1.94858,2.241954,3.384283
0b_100p_c1_b4_b,14.43237,15.21509,15.48994,15.10885,12.05855,7.295867,8.141878,14.71345,8.031149,6.543476,3.328285,2.778402,2.283659,1.773959,2.039331,3.091139
0b_100p_c1_b4_d,14.36551,14.94313,15.42655,15.07693,11.96211,7.1359,7.971402,14.62344,7.90701,6.527631,3.299264,2.888674,2.635599,1.909989,2.118271,3.264799
0b_100p_c1_b4_e,14.43692,14.99551,15.68068,15.41146,12.35408,7.388239,8.264238,15.27585,7.94575,6.510233,3.518116,3.164863,2.978707,2.002048,2.277555,3.785538
0b_100p_c2_b4_a,14.18747,14.71241,15.24537,14.96896,11.83571,7.094537,8.008563,14.79063,7.942653,6.593014,3.421248,2.927958,2.533045,1.98191,2.280117,3.432191
0b_100p_c2_b4_b,14.38302,14.92714,15.42966,14.96267,11.75965,7.090086,7.922246,14.42989,8.002306,6.685696,3.37016,2.817968,2.414509,1.879034,2.086219,3.115635
0b_100p_c2_b4_c,14.19255,14.97717,14.68027,14.3721,11.56002,7.138893,7.865344,14.05704,7.915252,6.447209,3.324379,2.764762,2.476332,1.873813,2.083419,3.359179
0b_100p_c2_b4_d,13.92079,14.54688,14.19976,14.01233,11.23549,7.021762,7.572151,13.42698,7.929297,6.573109,3.481155,3.057503,2.921129,2.188326,2.044214,3.143897
100b_0p_c1_b4_a,12.19579,12.26932,11.43283,10.45595,8.567364,5.897148,6.101353,9.828847,7.845665,6.685739,3.554995,2.940294,2.559884,1.735416,1.898778,3.574292
100b_0p_c1_b4_b,12.54832,12.59739,12.19704,11.19481,9.115672,6.133925,6.413162,10.61697,7.986182,6.802343,3.969159,3.459258,3.109046,1.973866,2.262515,4.458347
100b_0p_c1_b4_c,11.7345,11.69679,10.12244,9.353898,7.768495,5.623557,5.853934,9.163185,7.882118,6.778531,3.610336,2.885809,2.401249,1.634184,1.8199,3.421748
100b_0p_c1_b4_d,12.71222,12.97845,12.17204,11.23,9.256472,6.3643,6.599856,10.68384,7.866183,6.564519,3.746891,3.288267,3.075564,1.847293,2.083585,4.255389
100b_0p_c2_b4_a,12.27969,12.44431,11.50675,10.63619,8.492588,5.930485,6.250371,10.09709,7.905982,6.729258,3.774277,3.112583,2.479288,1.669664,1.908244,3.529495
100b_0p_c2_b4_b,12.01196,12.25528,11.07868,10.1054,8.125054,5.86149,6.14071,9.564653,7.829795,6.69707,3.562271,2.907776,2.372583,1.710412,1.931403,3.388975
100b_0p_c2_b4_c,12.55083,12.69979,11.93877,10.98982,8.898429,6.169837,6.403269,10.16065,7.769935,6.572002,3.714769,3.118736,2.781448,1.777401,1.977143,3.756279
100b_0p_c2_b4_d,12.43268,12.44674,11.87204,10.86127,8.953386,6.062188,6.317919,10.36687,8.01113,6.786128,4.199897,3.651459,3.40487,2.065866,2.347472,4.749907
20b_80p_c1_b4_a,13.47564,13.9214,14.63249,14.18828,10.9425,7.003439,7.700495,14.0195,8.024179,6.726787,3.74979,3.398063,3.190932,2.329817,2.603489,3.984426
20b_80p_c1_b4_b,13.50714,13.79167,14.44269,13.9781,10.6125,6.695869,7.369023,13.72462,7.929439,6.852938,3.765475,3.194148,2.740026,1.99426,2.316319,4.020462
20b_80p_c1_b4_c,13.36701,13.51247,14.06495,13.66034,10.42867,6.671936,7.311216,13.35351,7.886715,6.687376,3.528541,2.947047,2.427349,1.92707,2.175222,3.636774
20b_80p_c1_b4_d,13.38723,13.82611,14.34357,13.92766,10.63039,6.905048,7.648266,13.75061,8.061723,6.807386,3.788358,3.343408,2.993225,2.263821,2.584393,4.052658
20b_80p_c2_b4_a,12.90602,13.25789,13.40406,12.81046,10.32825,6.347029,6.728923,12.34921,7.818416,6.541341,3.368052,2.85673,2.471309,1.718429,1.916557,3.300889
20b_80p_c2_b4_b,12.79253,13.13938,13.5058,12.93188,10.37247,6.427352,6.756154,12.41028,7.948295,6.730801,3.399959,2.873371,2.426644,1.75938,1.912055,3.195611
20b_80p_c2_b4_c,12.96118,13.45291,13.89171,13.48843,10.98699,6.799947,7.187486,13.15881,8.039886,6.789318,3.497768,2.990849,2.712462,1.946289,2.133267,3.566857
20b_80p_c2_b4_d,12.62726,13.04793,13.17602,12.72346,10.28758,6.333632,6.696988,12.44474,7.851081,6.703779,3.774731,3.393187,3.003415,2.043764,2.161069,3.652593
40b_60p_c1_b4_a,12.82872,13.04916,13.22532,12.6481,9.802029,6.427488,6.934615,12.16347,7.928448,6.705729,3.631053,3.1589,2.910386,2.03591,2.302219,3.817027
40b_60p_c1_b4_b,13.11405,13.5301,13.80242,12.89883,9.818369,6.491899,7.100189,12.49619,7.916705,6.613902,3.662174,3.116236,2.542211,1.874081,2.19929,3.590167
40b_60p_c1_b4_c,13.25823,13.4349,13.89112,13.22645,10.14201,6.558244,7.140734,12.77455,8.025152,6.784473,3.673175,3.235144,2.948122,2.157061,2.428031,3.99063
40b_60p_c1_b4_d,13.19075,13.43464,13.74832,12.96895,9.994493,6.624332,7.230157,12.64804,7.935392,6.705752,3.585617,3.064271,2.760501,2.067913,2.420584,4.019133
40b_60p_c2_b4_a,12.27045,12.63055,12.42652,11.80513,9.611971,6.012228,6.275071,11.0801,7.847234,6.711854,3.474753,2.829235,2.503094,1.720115,1.86488,3.237936
40b_60p_c2_b4_b,12.25417,12.74057,12.55093,11.86391,9.620856,6.2454,6.55795,11.3869,8.044304,6.857861,3.751933,3.21241,2.817389,2.030946,2.202739,3.862489
40b_60p_c2_b4_c,12.26196,12.64128,12.62079,11.93755,9.582549,6.088538,6.422111,11.42133,7.889683,6.760457,3.651369,3.08444,2.610693,1.83346,2.024819,3.534411
40b_60p_c2_b4_d,12.01722,12.35811,11.66451,11.16016,9.024148,5.915091,6.198318,10.64794,7.921975,6.780478,3.483758,2.900968,2.521716,1.79783,1.928242,3.171125
60b_40p_c1_b4_a,12.89291,13.17242,13.00953,12.12455,9.47362,6.492816,6.905402,11.5209,8.019334,6.779274,3.73367,3.12792,2.657335,1.973103,2.238726,3.710693
60b_40p_c1_b4_b,12.73498,12.82517,12.68769,11.84535,9.247226,6.233685,6.664235,11.3834,8.05591,6.794986,3.773015,3.303878,2.905604,1.923206,2.14804,3.896813
60b_40p_c1_b4_c,12.86798,13.39422,13.157,12.25971,9.607038,6.565691,6.98622,11.73602,8.022023,6.757098,3.505443,2.957139,2.466546,2.014182,2.223046,3.391934
60b_40p_c1_b4_d,12.95339,13.14852,13.26567,12.42756,9.637047,6.422833,6.909448,11.90963,7.986336,6.648283,4.153211,3.833108,3.59227,2.242895,2.501288,4.752494
60b_40p_c2_b4_a,11.22171,11.44582,10.85857,10.12938,8.147616,5.459293,5.699308,9.47062,7.863499,6.733788,3.497305,2.753819,2.191514,1.495091,1.635014,2.885869
60b_40p_c2_b4_b,11.69686,11.78967,11.73597,10.98118,8.860561,5.742613,6.025631,10.37283,8.005243,6.844738,4.02081,3.57615,3.247339,2.054802,2.286522,4.374945
60b_40p_c2_b4_c,12.18212,12.56881,12.35195,11.47802,9.235674,5.982402,6.263869,10.83171,7.903817,6.7568,3.595028,3.043756,2.702717,1.916955,2.025424,3.434874
60b_40p_c2_b4_d,12.41626,12.83145,12.65757,11.82337,9.469114,6.098937,6.362501,11.08348,7.96434,6.711571,3.811249,3.264982,2.725807,1.870291,2.081502,3.727061
70b_30p_c1_b4_a,12.68383,13.02997,12.55758,11.63971,9.250531,6.445738,6.806549,11.09358,7.97554,6.798623,3.771328,3.125834,2.582813,1.958772,2.229246,3.805667
70b_30p_c1_b4_b,12.55951,12.86236,12.40883,11.45104,9.047562,6.195535,6.541638,10.7755,7.827936,6.670545,3.672708,3.05094,2.716671,1.874713,2.076445,3.443491
70b_30p_c1_b4_c,13.03196,13.19316,13.11361,12.23294,9.554747,6.443766,6.882318,11.50284,8.023008,6.845148,4.023674,3.375352,2.899026,2.030223,2.363868,4.179396
70b_30p_c1_b4_d,12.8956,13.12549,12.96719,12.05201,9.473767,6.417802,6.86944,11.61695,8.073593,6.806493,4.038082,3.549941,3.11263,2.034645,2.342323,4.211549
70b_30p_c2_b4_a,12.17351,12.63002,11.99255,11.18094,9.016681,6.091944,6.313914,10.51511,7.941242,6.677491,3.704154,3.237608,2.773482,1.909125,2.031016,3.647118
70b_30p_c2_b4_b,12.3592,12.90216,12.48708,11.42652,9.079749,6.04387,6.310702,10.61591,7.863884,6.630383,3.85708,3.071455,2.524121,1.690333,1.935176,3.530296
70b_30p_c2_b4_c,12.33137,12.72853,12.38525,11.47748,9.220939,6.056591,6.318187,10.71194,7.827722,6.658556,3.630129,3.118327,2.932213,1.925297,2.088808,3.780982
70b_30p_c2_b4_d,12.14189,12.68031,12.11236,11.11249,8.93306,5.952477,6.196026,10.31251,7.902266,6.689703,3.540121,2.760287,2.190382,1.629406,1.794587,3.116715
80b_20p_c1_b4_a,12.50907,12.72986,12.24523,11.32581,9.145961,6.207306,6.528571,10.84855,7.949586,6.741128,3.73451,3.216064,2.979273,1.958043,2.212545,4.153678
80b_20p_c1_b4_b,12.60154,12.69709,12.31571,11.3973,9.035887,6.099715,6.468451,10.82825,7.935988,6.714306,3.858573,3.328348,2.902068,1.942158,2.227657,4.023128
80b_20p_c1_b4_c,12.8052,13.15283,12.68602,11.75286,9.42176,6.374648,6.684501,11.09587,7.925581,6.622071,3.72834,3.172444,2.772776,1.907107,2.210159,4.051955
80b_20p_c1_b4_d,12.867,13.09006,13.01524,12.04546,9.642764,6.413279,6.76855,11.542,7.834625,6.582192,4.167002,3.717609,3.561348,2.230867,2.503709,4.794277
80b_20p_c2_b4_a,12.29204,12.8243,12.94653,12.03959,9.460599,6.142332,6.446063,11.27401,7.972378,6.698107,4.22527,3.75842,3.439697,2.112793,2.415603,4.662117
80b_20p_c2_b4_b,12.40548,13.15326,12.6784,11.61113,9.349479,6.214553,6.481689,10.86017,7.862985,6.816787,3.860285,3.291377,3.010142,2.069046,2.343902,4.331583
80b_20p_c2_b4_c,12.06621,12.67803,12.00581,10.86495,8.812808,5.939003,6.150084,10.16155,7.796538,6.584355,3.630116,2.819895,2.301909,1.671185,1.786295,3.156089
80b_20p_c2_b4_d,12.0718,12.68913,11.97482,11.01834,9.094536,6.098393,6.278201,10.16027,7.849232,6.572445,3.794691,3.178393,2.826749,1.73249,1.911302,3.491285
90b_10p_c1_b4_a,12.31058,12.43032,11.73825,10.79657,8.60446,5.872736,6.168409,10.16558,7.909845,6.701663,3.74364,3.199007,2.69367,1.807008,1.987598,3.618812
90b_10p_c1_b4_b,12.55451,12.77123,12.29423,11.20932,8.938206,6.108436,6.446304,10.70437,7.928348,6.706467,3.68265,3.07915,2.648912,1.816218,2.038414,3.688899
90b_10p_c1_b4_c,12.64666,12.74898,12.09051,11.09923,8.893336,6.105862,6.37522,10.33874,7.907943,6.66662,3.672468,3.07517,2.545779,1.747025,1.985287,3.634765
90b_10p_c1_b4_d,12.74888,12.79809,12.25973,11.46977,9.137454,6.156511,6.418469,10.64225,7.803317,6.668897,3.535014,2.903872,2.486802,1.811311,1.911078,3.313666
90b_10p_c2_b4_a,12.46202,13.02358,12.80348,11.86177,9.769403,6.426937,6.667668,11.1654,8.091969,6.770038,4.399828,4.038575,3.784515,2.428056,2.587451,4.913087
90b_10p_c2_b4_b,11.94862,12.38678,12.13877,10.99182,8.878672,5.829506,6.006914,10.23901,7.74458,6.613369,3.883715,3.294972,3.14233,1.800645,1.926503,3.944273
90b_10p_c2_b4_c,12.17491,12.47577,11.87912,10.95683,8.848866,5.895683,6.108541,10.23066,7.996954,6.713894,3.712395,3.186587,2.622236,1.754107,1.907054,3.464539
90b_10p_c2_b4_d,11.98415,12.46075,11.84332,10.88656,8.798786,5.87042,6.09092,10.10764,7.826745,6.617573,3.55156,3.046351,2.768754,1.830047,2.074934,3.766189
0b_100p_c1_b5_a,15.09202,16.34073,19.17459,19.12452,16.6207,9.346141,9.781432,19.41035,7.778896,6.354756,3.157599,2.818985,2.969306,2.246576,2.323015,3.301088
0b_100p_c1_b5_b,14.16419,15.60262,18.11511,17.87845,14.72716,8.52027,9.390918,18.11023,7.859732,6.42087,3.621122,3.295381,3.458598,2.528427,2.713916,4.11621
0b_100p_c1_b5_c,14.23122,15.23413,18.24481,18.12201,14.9627,8.352453,9.159378,18.40409,7.807881,6.524568,3.344756,2.996249,3.061708,2.195765,2.373318,3.572487
0b_100p_c1_b5_d,14.33908,15.5923,18.61896,18.57759,15.14055,8.628829,9.66101,19.05531,7.831995,6.598841,3.624067,3.046275,2.93861,2.2857,2.550602,3.81439
0b_100p_c2_b5_a,14.22496,15.66717,18.58867,18.45438,15.05989,8.512795,9.52163,18.9986,7.773561,6.293903,3.132321,2.788193,2.705748,1.935371,2.15211,3.300272
0b_100p_c2_b5_b,14.10019,15.60253,18.76518,18.54562,15.0657,8.537541,9.603124,18.94122,7.829915,6.487036,3.38932,3.008948,2.990553,2.249239,2.558203,3.804361
0b_100p_c2_b5_c,14.43007,16.00698,19.21753,18.98166,15.15204,8.750226,10.10761,19.40702,7.913803,6.464447,3.66797,3.263888,3.151661,2.248445,2.681972,4.115596
0b_100p_c2_b5_d,14.52715,15.8479,19.53868,19.42132,15.13642,8.679941,10.21682,19.73397,7.739708,6.398361,3.263477,2.981053,3.176264,2.379862,2.703593,3.915113
100b_0p_c1_b5_a,12.66979,13.84934,15.52408,14.81818,12.44901,7.046719,7.515987,14.79692,7.752114,6.500307,3.909889,3.606923,3.842225,2.415398,2.716714,4.939222
100b_0p_c1_b5_b,14.10392,15.59954,18.25005,17.51567,14.82625,8.422001,9.068551,17.87462,8.019402,6.649422,4.714081,4.619964,4.910923,3.190667,3.77689,6.8658
100b_0p_c1_b5_c,13.3266,14.62378,16.61552,15.86115,13.08385,7.489992,8.122762,15.82355,7.783298,6.595387,3.908813,3.556566,3.76515,2.481485,2.806121,4.962777
100b_0p_c1_b5_d,13.20991,14.47734,16.17132,15.61839,13.23156,7.468801,7.82621,15.13846,7.777177,6.545308,3.666984,3.206834,3.328985,2.242033,2.523522,4.49319
100b_0p_c2_b5_a,12.65736,13.83884,15.46011,14.77151,12.29001,7.041936,7.533753,14.77003,7.761862,6.479761,3.4841,2.974885,3.10162,2.03748,2.26511,4.147352
100b_0p_c2_b5_b,13.07169,14.50853,16.27129,15.54695,12.76005,7.44284,7.973643,15.14041,7.759401,6.471484,3.758651,3.319691,3.385931,2.366644,2.624499,4.446776
100b_0p_c2_b5_c,13.66175,14.7511,16.7961,16.19064,13.49179,7.552145,8.032928,15.75994,7.758259,6.513794,3.677956,3.326158,3.708913,2.487828,2.7455,4.936435
100b_0p_c2_b5_d,13.80894,15.02776,17.28175,16.59507,14.25668,7.930745,8.297765,16.42414,7.925972,6.626372,4.22349,4.133441,4.367824,2.872532,3.249929,5.754156
10b_90p_c1_b5_a,14.11532,15.52164,18.33252,17.92918,13.87269,8.032016,9.379956,18.00025,7.791635,6.515493,3.453982,3.013173,3.010484,2.166516,2.453227,3.826069
10b_90p_c1_b5_b,14.52263,15.92476,18.99082,18.74165,15.09997,8.487935,9.609408,18.95896,7.820654,6.39575,3.331301,3.076881,3.207617,2.272976,2.519832,3.965664
10b_90p_c1_b5_c,14.10865,15.39015,18.4431,18.19714,14.00662,8.041291,9.576227,18.3917,7.936506,6.605496,3.855079,3.585504,3.29243,2.26474,2.699724,4.213694
10b_90p_c1_b5_d,14.5238,15.80158,19.11834,18.78476,15.43778,8.609716,9.565819,18.93065,7.90163,6.585562,3.8031,3.371474,3.357642,2.433476,2.899857,4.546853
10b_90p_c2_b5_a,14.37217,15.73647,19.23297,19.05385,15.00635,8.543071,9.951621,19.53092,7.956973,6.532279,3.673985,3.416979,3.236183,2.240524,2.706855,4.252658
10b_90p_c2_b5_b,14.49004,16.00547,19.50678,19.17795,15.71968,8.761248,9.774067,19.27376,7.779136,6.442896,3.623179,3.431324,3.680052,2.523249,3.008101,4.65973
10b_90p_c2_b5_c,14.47635,15.72633,19.13949,18.90031,15.35252,8.55152,9.570908,18.87126,7.750112,6.450465,3.363594,2.949136,2.977251,2.108685,2.474091,3.973929
10b_90p_c2_b5_d,13.87503,14.97408,18.34316,18.14211,14.49751,8.054725,9.184261,18.23692,7.729302,6.444171,3.348078,3.001234,3.119401,2.276357,2.620244,4.060358
20b_80p_c1_b5_a,14.19515,15.6274,18.45481,18.1109,14.72128,8.380917,9.359263,18.28846,7.789915,6.324415,3.424956,3.074072,3.046935,2.157152,2.461683,3.917076
20b_80p_c1_b5_b,14.46867,15.80845,18.95077,18.62034,15.4682,8.816224,9.682035,18.77935,7.965626,6.697283,4.300755,3.871846,4.032295,2.952106,3.445091,5.479801
20b_80p_c1_b5_c,14.23713,15.3534,18.56315,18.26826,14.0458,7.85123,9.355859,18.55722,7.855749,6.424171,3.966223,3.642552,3.417384,2.292143,2.788879,4.711068
20b_80p_c1_b5_d,14.04225,15.16323,18.34908,18.02685,14.0493,7.846001,9.188872,18.3128,7.784004,6.522501,3.519439,3.118635,3.172194,2.209658,2.531919,4.294277
20b_80p_c2_b5_a,13.88869,15.28256,18.31927,18.09695,13.99962,8.052298,9.393909,18.18188,7.762371,6.357925,3.541058,3.097461,3.03709,2.139017,2.604321,4.187328
20b_80p_c2_b5_b,14.08995,15.36721,18.51235,18.20219,14.72241,8.22273,9.166775,18.17882,7.872864,6.703593,3.759532,3.245367,3.363502,2.46528,2.897633,4.600524
20b_80p_c2_b5_c,14.78145,16.36551,19.43699,19.22221,15.85282,8.955744,9.833763,19.23374,7.741161,6.300356,3.462683,2.976958,3.040767,2.235627,2.607272,4.223516
20b_80p_c2_b5_d,14.16795,15.37492,18.4505,18.09547,14.78498,8.40993,9.291736,17.97253,7.859161,6.516026,3.650732,3.384481,3.51235,2.528634,2.871172,4.482605
30b_70p_c1_b5_a,14.05386,15.29314,18.12947,17.82574,14.73203,8.201238,8.952006,17.77565,7.84879,6.500017,3.540444,3.056971,3.127377,2.203916,2.436526,4.028037
30b_70p_c1_b5_b,14.01036,15.21331,18.1548,17.7523,13.98743,7.91406,9.073465,17.79527,7.76827,6.442875,3.534399,3.121666,3.059508,2.16772,2.570931,4.224386
30b_70p_c1_b5_c,14.31989,15.51686,18.45973,18.1566,14.42294,8.17058,9.257326,18.17463,7.853464,6.563186,3.700764,3.288508,3.360305,2.370886,2.773687,4.59165
30b_70p_c1_b5_d,14.37857,15.79704,18.29767,17.97763,15.20186,8.608441,9.1436,18.01411,8.028321,6.610744,3.663081,3.173413,2.983393,2.28554,2.56123,4.060992
30b_70p_c2_b5_a,14.12011,15.5283,18.52102,18.05753,14.60307,8.313074,9.250598,18.28463,7.929769,6.423506,3.695437,3.522895,3.383068,2.224187,2.576983,4.423215
30b_70p_c2_b5_b,13.9765,15.50349,18.4182,17.9986,14.42134,8.177295,9.224248,18.21422,7.974669,6.523653,3.884549,3.372539,2.955545,2.090385,2.511132,4.145439
30b_70p_c2_b5_c,14.51979,15.88327,18.99314,18.57973,15.70281,8.848712,9.529487,18.77542,7.7937,6.376207,3.714564,3.551318,3.987308,2.773201,3.066771,5.105807
30b_70p_c2_b5_d,13.83376,15.0778,18.0185,17.65298,14.45709,8.171442,8.985888,17.50176,7.7925,6.490058,3.433779,2.957743,2.886771,2.173455,2.480837,3.85857
40b_60p_c1_b5_a,13.89139,15.28472,17.95184,17.36266,13.56996,7.765518,8.961632,17.53139,7.812774,6.500488,3.726321,3.320069,3.199097,2.18777,2.575006,4.271501
40b_60p_c1_b5_b,13.81239,14.96295,17.74987,17.35816,13.97598,7.841928,8.848912,17.5881,7.917984,6.597437,4.076843,3.784079,3.994313,2.747255,3.1485,5.346005
40b_60p_c1_b5_c,14.13072,15.11496,17.68015,17.30581,14.16788,7.97418,8.659718,17.01812,7.827409,6.52843,3.537935,3.117151,3.056652,2.296311,2.564869,4.041419
40b_60p_c1_b5_d,13.8143,14.88513,17.61678,17.14362,13.89279,7.826063,8.661744,17.11641,7.970422,6.662398,3.695786,3.332622,3.220196,2.28653,2.587011,4.203555
40b_60p_c2_b5_a,13.63,14.87181,17.62967,17.2567,14.23441,7.918013,8.655417,17.38195,7.817956,6.536647,3.672982,3.361643,3.378314,2.277931,2.586582,4.268587
40b_60p_c2_b5_b,13.81776,15.23151,18.08076,17.58833,14.57263,8.223352,9.012523,17.70288,7.995134,6.675398,4.049199,3.725716,4.028459,2.661,3.080252,5.06811
40b_60p_c2_b5_c,14.44055,15.65086,18.80745,18.40859,15.2073,8.570679,9.416358,18.5219,7.875344,6.456805,3.903125,3.737247,3.772431,2.641266,3.11194,4.967877
40b_60p_c2_b5_d,13.3831,14.63511,17.36742,16.91435,13.80317,7.758957,8.577001,17.0941,7.928384,6.618597,4.04814,3.680374,3.382041,2.295718,2.641119,4.512002
50b_50p_c1_b5_a,13.91247,15.29671,17.93808,17.46457,13.91913,8.011437,9.05855,17.71103,8.075768,6.780149,4.346041,4.180325,4.052058,2.750402,3.203393,5.36129
50b_50p_c1_b5_b,13.90911,15.24414,17.84158,17.33609,14.17708,7.986796,8.795066,17.3292,7.742247,6.431247,3.442742,3.055208,3.356399,2.170178,2.502331,4.411334
50b_50p_c1_b5_c,13.75255,14.82026,17.32119,16.79965,13.74941,7.670245,8.450231,16.86298,7.832095,6.541037,4.072854,3.826546,4.171715,2.827518,3.110372,5.402418
50b_50p_c1_b5_d,14.35673,15.49948,18.35517,17.89032,14.80009,8.224024,8.960832,17.96266,7.996796,6.484943,4.025202,3.917518,3.807906,2.514952,2.80294,5.063274
50b_50p_c2_b5_a,13.72938,15.02433,17.60204,17.13128,13.94944,7.9106,8.72451,17.21166,7.703668,6.314147,3.584095,3.386712,3.455286,2.255614,2.607909,4.46562
50b_50p_c2_b5_b,13.71197,15.01787,17.60512,17.16473,13.93933,7.883841,8.750595,17.0439,7.74292,6.43468,3.715917,3.539843,3.919057,2.561123,2.948321,5.049521
50b_50p_c2_b5_c,14.70252,15.71885,18.80761,18.28645,15.2045,8.452488,9.013742,17.84579,7.816684,6.534043,3.629004,3.443035,3.574634,2.433858,2.751526,4.639729
50b_50p_c2_b5_d,13.6309,14.86256,17.58393,17.1371,14.40554,8.074046,8.654461,17.06492,7.941971,6.618736,3.992851,3.570019,3.566823,2.503894,2.885692,4.78317
60b_40p_c1_b5_a,14.0209,15.50524,17.68695,17.14628,14.38765,8.097775,8.620526,16.92543,7.689529,6.361689,3.639811,3.301489,3.466474,2.442877,2.728442,4.529246
60b_40p_c1_b5_b,13.86245,15.27561,17.85276,17.31965,14.18519,8.020984,8.895291,17.54306,7.782537,6.459769,3.98952,3.739533,4.080215,2.719423,3.037876,5.424964
60b_40p_c1_b5_c,14.04088,15.38802,17.98173,17.4276,14.17718,8.050737,8.952968,17.6319,8.001577,6.667727,4.161175,3.802044,3.878425,2.637997,3.012074,5.30562
60b_40p_c1_b5_d,13.72172,14.94544,17.61527,17.17705,14.29117,7.959341,8.560903,17.15906,7.713901,6.42295,3.44522,3.169878,3.422748,2.314039,2.516585,4.259438
60b_40p_c2_b5_a,13.34418,14.52416,17.02669,16.48997,13.82565,7.720029,8.23108,16.44586,7.783471,6.524191,3.500949,3.091882,3.241094,2.151506,2.403469,4.189111
60b_40p_c2_b5_b,13.59383,14.86274,17.37819,16.88487,14.18014,7.929521,8.50841,16.79738,7.735277,6.465734,4.148394,3.856668,3.971048,2.809861,3.226979,5.308976
60b_40p_c2_b5_c,13.76813,15.02677,17.63468,17.109,14.57432,8.17305,8.695012,17.24696,7.939706,6.655983,4.363806,3.998366,4.075977,2.809255,3.218736,5.690828
60b_40p_c2_b5_d,13.82458,14.8521,17.66453,17.04616,13.77303,7.77238,8.474497,16.72833,7.854647,6.567147,3.865051,3.390837,3.447788,2.404438,2.679397,4.550685
70b_30p_c1_b5_a,13.57393,14.86195,17.2176,16.54664,14.30041,7.943717,8.281223,16.57645,7.904274,6.616708,3.977398,3.722139,4.054219,2.730245,3.011436,5.281846
70b_30p_c1_b5_b,13.81404,15.20648,17.42538,16.83441,14.00641,7.928439,8.559639,16.71264,7.86181,6.541828,3.85235,3.534657,3.830835,2.38028,2.706688,4.962814
70b_30p_c1_b5_c,13.78549,15.05978,17.4704,16.8889,13.57603,7.621363,8.549901,16.91142,7.81406,6.529637,4.000998,3.565263,3.760008,2.420332,2.825983,5.022544
70b_30p_c1_b5_d,13.7583,15.08103,17.46407,16.8285,14.12353,7.950055,8.513008,16.75751,7.80897,6.486917,3.996949,3.702059,3.824582,2.639619,3.000279,5.081354
70b_30p_c2_b5_a,13.45746,14.70067,17.03141,16.32109,13.42118,7.715648,8.344755,16.32682,7.827857,6.493665,3.699002,3.257178,3.569259,2.311077,2.547099,4.505861
70b_30p_c2_b5_b,13.53864,14.64101,17.12947,16.46322,13.6985,7.641706,8.235024,16.38397,7.884958,6.60112,4.047642,3.725543,3.930828,2.602319,2.939128,5.061526
70b_30p_c2_b5_c,13.72563,15.12951,17.06656,16.38645,14.19128,8.09554,8.450709,16.47498,8.015063,6.722311,4.239487,3.890874,4.143657,2.754655,2.965398,5.200071
70b_30p_c2_b5_d,13.34263,14.91181,17.00627,16.22622,13.36086,7.668375,8.262257,16.07105,7.927302,6.679222,3.836802,3.355242,3.052145,2.244186,2.493443,3.961296
80b_20p_c1_b5_a,13.96237,15.36168,17.64945,17.03913,14.50961,8.202869,8.704106,17.10781,7.852819,6.462678,4.050246,3.726745,4.162193,2.918923,3.302047,5.866771
80b_20p_c1_b5_b,13.61561,14.95483,17.51864,16.86284,13.93003,7.744366,8.464186,16.94932,7.681596,6.542986,4.767499,4.292765,4.441649,2.860451,3.341665,6.283864
80b_20p_c1_b5_c,13.31173,14.7823,16.70393,16.13167,13.19973,7.567412,8.352509,16.24547,7.938365,6.652761,3.987988,3.618621,3.706417,2.40963,2.781372,4.789311
80b_20p_c1_b5_d,13.96648,15.45676,17.84429,17.1813,14.64598,8.282679,8.781194,17.1757,7.785637,6.420521,3.879609,3.623943,3.874367,2.630128,2.992365,5.323717
80b_20p_c2_b5_a,13.14911,14.45714,17.11042,16.50513,13.45344,7.41625,8.062778,16.56509,7.874784,6.613814,3.903859,3.61431,3.852215,2.521761,2.874132,5.031074
80b_20p_c2_b5_b,13.16464,14.38827,16.47522,15.78571,12.81896,7.270355,7.995379,15.76146,7.665163,6.490297,3.817796,3.315577,3.306114,2.143524,2.570514,4.841848
80b_20p_c2_b5_c,13.99925,15.34019,17.51524,16.99835,14.33276,8.154626,8.712485,16.76748,7.914804,6.51446,3.846298,3.488883,3.774183,2.518189,2.77889,4.727326
80b_20p_c2_b5_d,13.95147,15.20305,17.92228,17.38996,14.41325,8.110853,8.912837,17.51177,7.903293,6.620868,4.343672,4.240069,4.528912,2.98104,3.6663,6.352606
90b_10p_c1_b5_a,12.79962,14.33751,15.55884,14.8852,12.19829,7.266347,7.834859,14.62513,7.705122,6.428006,3.561062,2.914955,2.877281,2.093908,2.387773,3.953946
90b_10p_c1_b5_b,13.60856,14.96939,16.91567,16.21814,13.77931,7.734837,8.135188,15.92297,7.743581,6.361926,3.829388,3.421328,3.629465,2.526992,2.786025,4.78731
90b_10p_c1_b5_c,13.45294,14.83912,17.16719,16.51539,13.92935,7.629493,8.071812,16.562,7.764091,6.693655,4.385599,4.179726,4.455073,2.794284,3.080947,5.85188
90b_10p_c1_b5_d,13.49771,14.75407,16.8147,16.19299,13.58219,7.666113,8.152917,16.00672,7.795752,6.523891,3.587161,3.176921,3.471923,2.240061,2.41101,4.26585
90b_10p_c2_b5_a,13.39307,14.69692,16.90605,16.44288,13.66526,7.767354,8.375422,16.42559,7.985539,6.736423,4.446933,4.432096,4.413778,2.930098,3.317188,5.927577
90b_10p_c2_b5_b,13.4952,14.67587,16.75565,16.20223,13.40638,7.480913,7.980196,15.863,7.784275,6.54604,3.952747,3.777098,3.69112,2.440032,2.766899,4.908534
90b_10p_c2_b5_c,13.48792,15.01581,17.02271,16.32159,13.82494,7.806076,8.336272,16.38156,7.748366,6.36691,3.683116,3.364809,3.698512,2.420527,2.688494,4.874902
90b_10p_c2_b5_d,13.41115,14.63441,16.64942,16.05074,13.14333,7.460921,8.052935,15.66553,7.754727,6.455977,3.415437,2.874609,2.811517,2.008911,2.260203,3.728704
