Sample ID,Mean 01,Mean 02,Mean 03,Mean 04,Mean 05,Mean 06,Mean 07,Mean 08,StdDev 01,StdDev 02,StdDev 03,StdDev 04,StdDev 05,StdDev 06,StdDev 07,StdDev 08,
0C_0h_air_a_b1_f,17.24545,18.90297,29.51856,30.11055,22.96395,15.01624,16.30211,24.47225,8.570428,7.433627,8.291737,8.188215,7.603133,8.649576,6.764662,6.798759,
0C_0h_air_b_b1_f,16.36545,20.09303,27.07515,27.20165,21.14561,13.94988,13.35102,22.93891,7.817113,7.584353,5.83667,5.472432,7.771055,7.496089,6.55541,5.63079,
0C_0h_air_c_b1_f,14.80944,15.81132,24.00011,24.56097,20.52251,13.10408,14.78025,22.52271,8.417403,7.423897,8.368957,8.976946,10.11062,7.531111,8.023101,9.630399,
0C_0h_air_d_b1_f,14.07822,16.15917,22.86068,23.08507,17.71649,11.01243,11.92917,21.88489,8.35008,6.853817,7.181926,7.476088,6.87865,5.194573,5.861806,8.323349,
0C_48h_air_a_b1_f,16.09072,18.27837,25.36302,26.26762,20.3119,12.70051,14.26939,23.79079,8.276116,8.708306,6.388041,7.171543,6.304624,5.728063,7.947866,8.261779,
0C_48h_air_b_b1_f,13.40462,14.58078,21.5012,21.24395,16.78522,10.43652,11.74571,18.76725,8.302272,7.113773,7.482186,7.267693,7.014243,5.134682,5.760255,7.705392,
0C_48h_air_c_b1_f,14.01922,16.34792,23.04464,23.99802,19.08696,11.04083,12.61885,21.83171,7.860577,8.012899,6.50412,7.398314,11.11223,5.75712,6.08267,7.605427,
0C_48h_air_d_b1_f,14.84082,17.37702,23.97043,25.35143,20.21232,12.81741,13.51122,23.1699,7.958013,8.131795,6.697706,7.990658,7.469518,6.004024,7.011056,8.557855,
0C_96h_air_a_b1_f,16.13682,17.33769,28.46646,29.20105,23.15842,14.79593,16.50165,24.86959,8.723482,7.586111,7.789468,7.955971,7.128392,6.008764,6.807112,8.835174,
0C_96h_air_b_b1_f,13.22726,14.68838,20.54673,20.45682,15.56035,9.203231,10.17262,17.56232,8.01069,6.856258,5.9113,6.052793,5.755888,3.929779,4.886785,6.52563,
0C_96h_air_c_b1_f,15.22317,16.48485,24.4742,25.88698,21.39325,13.34636,15.48693,24.68595,8.552673,6.968847,7.383044,7.681093,7.594325,5.318591,5.692996,7.837118,
0C_96h_air_d_b1_f,14.53643,15.96588,23.26267,23.15976,18.25947,10.8164,12.86555,22.10334,8.028943,6.626762,6.57228,6.012092,5.600667,4.323076,5.545285,8.623059,
10C_0h_air_a_b1_f,17.03327,20.22655,29.54001,29.58225,23.23361,14.37479,15.24577,25.95612,9.151489,8.021635,8.693208,10.15743,9.743119,8.281413,8.334084,8.650142,
10C_0h_air_b_b1_f,16.23084,18.00974,25.80925,26.49566,21.93411,13.62133,15.89264,26.94074,8.358025,6.824148,7.110592,7.655383,8.446114,6.00357,7.731246,11.62991,
10C_0h_air_c_b1_f,15.93966,17.82335,28.71921,29.30465,24.04757,15.32922,16.85388,27.77393,8.348029,7.852564,9.181563,9.583122,11.58572,8.944708,10.13733,13.07375,
10C_0h_air_d_b1_f,16.05646,17.32762,26.24324,27.19531,22.06558,13.99018,16.13721,25.33839,8.767479,7.13255,9.406554,9.880411,9.095429,6.795339,7.496124,9.654317,
10C_48h_air_a_b1_f,14.79966,15.36608,24.92571,25.85527,19.47602,12.49147,14.16593,20.82634,8.19913,6.826331,6.538582,6.882069,6.436242,5.112649,4.844288,5.343281,
10C_48h_air_b_b1_f,12.34785,14.69036,21.8036,21.94965,15.56837,9.621165,10.16766,17.65853,7.853568,7.953212,4.748568,5.955242,5.109118,4.344037,3.95983,5.643358,
10C_48h_air_c_b1_f,17.30958,19.99531,28.484,30.52032,26.47855,17.23033,19.19866,30.49468,8.222335,7.377028,7.474569,8.532126,10.08778,7.929955,8.507016,10.74832,
10C_48h_air_d_b1_f,14.28192,15.31515,23.84686,25.08098,20.08214,12.1226,14.2854,21.93115,8.276451,6.856766,7.861261,8.621002,8.720222,6.360831,6.760034,7.919436,
5C_0h_air_a_b1_f,16.26966,18.91208,27.94216,29.0607,22.96405,14.47039,15.16992,27.39408,8.078437,7.827202,6.356422,7.182588,8.158612,6.490748,8.248832,9.010595,
5C_0h_air_b_b1_f,14.28711,17.34865,24.75282,25.12455,18.45243,11.89252,14.40779,20.87278,8.137561,7.238903,7.194394,6.396683,5.290625,5.631839,9.398101,7.634091,
5C_0h_air_c_b1_f,15.12394,17.46345,24.56988,25.71499,20.7199,13.11979,14.71378,22.91834,8.426204,8.314491,7.206846,7.694658,8.435426,7.93834,8.044346,8.802094,
5C_0h_air_d_b1_f,15.36035,16.92024,23.33327,23.86632,18.6226,11.66482,13.37037,22.25595,8.170092,6.40794,6.738427,6.962709,6.280249,5.268573,6.476029,7.906223,
5C_48h_air_a_b1_f,15.52882,17.65606,28.45619,28.52153,22.15111,13.82194,15.76947,23.77228,8.399718,8.074279,9.030357,8.741041,9.404408,8.036171,10.42972,8.467743,
5C_48h_air_b_b1_f,15.11432,16.61722,25.51902,26.32409,20.41445,13.12398,14.82238,22.35503,8.50747,6.938741,6.467794,7.200543,6.347002,6.083989,6.148341,7.407211,
5C_48h_air_c_b1_f,14.59638,15.71518,22.89202,22.91254,17.55404,10.97055,12.59489,19.75245,8.158357,6.896662,6.664495,6.33362,6.145859,4.922835,5.614836,6.923434,
5C_48h_air_d_b1_f,13.75027,15.66536,24.12336,24.99124,19.62147,12.04362,13.84923,22.60015,8.001145,7.213581,6.736654,7.305785,6.285874,4.493594,6.007274,6.821129,
5C_96h_air_a_b1_f,14.28808,15.2393,25.76784,26.75154,20.65879,12.72921,14.3154,22.44217,8.207458,6.656335,7.840364,7.904393,7.033367,5.098627,5.1657,6.699056,
5C_96h_air_b_b1_f,14.39561,14.86705,24.57506,26.23733,20.58799,12.67701,13.74207,22.2356,8.538527,7.24065,7.867126,9.482959,8.210945,5.44875,5.54398,8.022767,
5C_96h_air_c_b1_f,15.55486,16.78173,25.64936,27.61876,21.68806,13.57748,15.87199,25.90393,8.404574,6.941096,4.975243,5.722562,5.853691,4.508489,4.503312,6.524074,
5C_96h_air_d_b1_f,14.25928,16.03989,26.15982,27.52726,22.56101,14.08366,15.28929,24.46628,8.210103,7.636035,6.908485,6.27149,6.161696,5.018956,5.345781,8.043497,
0C_0h_map_a_b1_f,15.5188,17.53923,26.84745,27.85853,21.87904,13.46524,15.14068,24.74945,8.146144,7.668112,7.397011,7.920069,7.556383,6.558803,6.070663,7.477593,
0C_0h_map_b_b1_f,18.22246,18.21777,30.94873,30.37567,23.15933,14.48109,15.76958,24.67031,10.10281,8.168977,12.46026,12.09413,11.39048,8.332776,8.604863,9.326082,
0C_0h_map_c_b1_f,16.33397,18.14486,26.94454,27.66834,21.11483,13.97803,15.4251,23.78939,8.435953,7.029172,6.756359,7.363803,6.284498,6.5947,6.326587,6.759087,
0C_0h_map_d_b1_f,17.3427,17.18121,28.70523,29.68137,22.71889,14.00817,15.90236,24.28417,9.235478,7.251342,9.078364,9.348659,8.500443,6.14674,6.580046,7.603902,
0C_24h_map_a_b1_f,16.36423,18.50878,27.8856,27.99692,21.67323,13.30637,15.14789,23.14021,8.547529,7.408278,8.175626,8.386269,11.40331,7.106726,7.666346,8.527954,
0C_24h_map_b_b1_f,14.5738,15.42142,23.76949,24.01326,18.36015,11.47957,13.16711,20.40897,8.351858,7.275433,8.049562,8.358164,6.72906,6.01424,7.910814,7.411831,
0C_24h_map_c_b1_f,17.63368,19.76908,29.27663,31.17009,26.44028,17.02054,18.37558,28.64291,8.983977,8.505053,8.97743,9.567219,11.65311,10.69723,10.98975,12.46363,
0C_24h_map_d_b1_f,15.29231,17.61997,23.57759,23.869,18.96218,12.6244,13.84208,22.36564,8.693725,8.469698,9.247414,9.517159,10.25752,9.619431,9.124938,11.66442,
10C_0h_map_a_b1_f,15.35254,18.20451,24.27471,24.67424,18.10267,11.16474,13.02022,22.51554,8.258203,7.62754,6.291003,6.529631,5.707072,4.528238,6.226929,7.975177,
10C_0h_map_b_b1_f,16.47332,18.16191,27.37231,27.89322,20.90476,13.42985,14.3302,24.08109,8.280887,6.685441,5.536042,5.670808,6.618162,7.266676,5.391163,5.531631,
10C_0h_map_c_b1_f,16.06081,17.03643,26.71459,26.10514,19.96216,12.91062,14.2521,20.46232,8.306078,6.978989,8.57091,8.459737,7.874335,6.510208,7.108966,7.569853,
10C_0h_map_d_b1_f,16.05411,17.86425,25.00587,25.70523,19.30581,12.05056,13.1057,22.27721,8.427219,6.943479,6.112824,6.619866,4.898235,4.713583,4.066759,5.65517,
10C_24h_map_a_b1_f,16.44368,18.92483,29.26824,29.12949,21.96775,13.39467,15.12954,23.89247,8.510122,7.857844,8.219238,7.966262,9.195878,7.116524,8.497437,9.046321,
10C_24h_map_b_b1_f,17.13496,18.08188,26.74978,27.89301,22.60416,14.3218,16.96138,26.16131,9.055592,7.730707,9.627152,9.906119,8.631085,6.774318,7.690627,9.523438,
10C_24h_map_c_b1_f,17.45537,18.6384,30.88196,31.12506,23.51344,15.04941,16.82553,24.88523,8.66094,7.008838,8.63888,8.410281,7.434678,6.055867,5.975357,6.915676,
10C_24h_map_d_b1_f,15.74697,17.62097,27.96455,28.60405,22.87718,14.87002,16.82314,23.86372,7.996383,7.396421,9.74503,10.17669,10.71301,8.590439,9.282211,9.189921,
5C_0h_map_a_b1_f,16.41153,18.32767,27.87247,28.33673,21.96861,13.37478,14.96445,23.93999,8.116775,7.475055,6.71813,6.26861,6.633077,5.035003,4.823416,6.975344,
5C_0h_map_b_b1_f,14.83306,16.27022,23.09835,23.29091,17.51483,11.0225,12.74066,19.31246,8.14003,6.84452,5.817276,5.596436,5.665551,5.237497,6.929488,7.524818,
5C_0h_map_c_b1_f,16.6757,17.53827,30.446,29.59023,22.10345,14.01147,14.43684,21.20695,8.182582,7.152138,11.07927,11.03363,9.185971,7.807082,6.256592,7.65012,
5C_0h_map_d_b1_f,17.1351,19.58924,26.1654,26.22941,19.80556,12.60077,12.85326,23.35669,8.642497,7.590918,4.562479,4.676291,8.616529,7.488479,6.442836,6.187614,
5C_24h_map_a_b1_f,15.83246,17.57464,27.27315,27.38696,19.50441,12.13413,14.17229,23.06691,8.016182,6.909381,5.917595,6.231896,5.264698,5.276531,4.826487,6.144761,
5C_24h_map_b_b1_f,18.75911,20.86157,30.7117,31.29528,23.1275,14.41247,16.60483,27.19287,8.485821,7.184629,5.796535,5.586144,5.763475,5.496762,6.568986,7.540112,
5C_24h_map_c_b1_f,16.50681,18.34798,28.0301,28.08333,20.96601,13.1807,15.39876,23.58152,8.611658,7.789637,8.908908,7.990292,6.870817,5.673566,6.678133,7.231434,
5C_24h_map_d_b1_f,17.71996,19.64069,31.16647,32.24713,24.34868,15.33612,16.70141,25.60537,8.399828,7.048879,6.27571,6.8065,7.131955,6.172098,5.744261,6.539999,
0C_0h_map_a_b2_f,11.64072,14.59603,25.74413,26.69332,19.83447,12.07705,13.67901,22.83524,7.454524,6.923199,6.585422,6.879626,6.842566,4.761591,5.442514,7.148195,
0C_0h_map_b_b2_f,12.05328,15.51433,23.41766,23.21547,17.74359,11.30698,12.94464,20.89132,8.179544,6.878307,9.054708,8.802862,8.095847,6.713933,7.11863,8.131405,
0C_0h_map_c_b2_f,12.17589,16.33162,25.78023,25.61694,18.81497,12.50092,13.52246,20.92779,7.329549,6.403038,5.381993,5.834717,5.740547,6.013127,5.831347,7.275616,
0C_0h_map_d_b2_f,13.03389,15.76229,24.62952,24.60427,18.62686,11.47804,13.25156,22.38644,7.12522,6.011293,5.76887,5.211043,5.483891,2.901068,3.526074,5.377256,
0C_120h_map_a_b2_f,14.66877,17.22729,23.45252,24.43532,18.59744,11.18842,13.7237,23.3662,7.291134,6.303975,5.924492,5.337905,4.770627,3.568129,4.27617,6.245046,
0C_120h_map_b_b2_f,12.76059,15.52994,21.65977,21.62467,16.65674,10.2955,11.58339,18.58552,7.648809,6.383211,5.362112,5.163503,5.174498,4.723267,4.82901,5.857437,
0C_120h_map_c_b2_f,16.31282,18.52617,29.90818,30.46447,22.95243,14.30754,15.50854,25.32021,8.125894,6.664855,6.092934,6.205992,6.402064,4.712649,5.2766,7.258559,
0C_120h_map_d_b2_f,15.07703,16.61652,24.53115,25.88987,20.09558,12.67333,14.74255,24.38957,8.324801,6.917231,7.965637,9.352448,8.99789,7.141978,6.943537,8.76055,
0C_144h_map_a_b2_f,12.73079,15.10101,20.45972,20.77696,15.57077,9.978733,11.44685,18.55188,7.615845,6.360327,5.28429,5.927805,4.554567,4.150035,4.54091,5.908675,
0C_144h_map_b_b2_f,12.54197,15.60245,21.45168,20.76627,15.70443,10.51989,11.61303,17.84884,7.602044,6.849118,6.658383,6.03421,5.377554,6.598428,6.568681,7.566578,
0C_144h_map_c_b2_f,15.85064,19.65372,28.64017,29.14307,21.09758,13.38279,14.65749,23.4718,7.982148,7.26446,7.260072,8.637247,8.249928,6.242505,7.679276,9.436707,
0C_144h_map_d_b2_f,14.05806,16.51665,22.71543,23.18848,18.49291,11.77753,13.60957,21.38759,7.645547,6.652425,5.093503,5.754796,5.349724,4.809917,6.41992,6.576485,
0C_216h_map_a_b2_f,15.52569,18.08055,28.26472,29.46968,22.89444,14.34728,16.3299,25.35472,7.690593,6.458231,7.25422,7.727589,6.822079,4.956054,5.426412,6.192759,
0C_216h_map_b_b2_f,13.10445,15.95319,22.69295,23.43865,18.03853,10.88331,12.20806,20.71939,7.45719,6.801908,5.445657,5.839621,7.277648,5.710208,5.768825,6.00611,
0C_216h_map_c_b2_f,14.78378,16.34544,26.28251,27.16302,22.77275,14.74719,15.08582,23.04628,8.815104,7.592573,9.864121,10.73237,11.63546,8.682872,8.80679,11.88529,
0C_216h_map_d_b2_f,17.31033,19.13447,28.88359,30.93029,25.89745,16.84784,20.54061,31.60543,8.545805,7.382474,8.088512,8.893633,11.24324,9.922776,12.95878,13.71476,
0C_24h_map_a_b2_f,12.844,16.77366,26.16433,26.50052,18.83007,12.02718,13.63889,22.52239,7.245175,6.023691,4.142066,4.290666,4.043288,3.656809,3.981508,4.238533,
0C_24h_map_b_b2_f,13.79537,18.42343,26.9232,28.44746,21.24901,13.55091,15.15843,25.90148,7.244113,6.578743,4.317798,4.400826,4.133111,3.373182,3.78734,4.073441,
0C_24h_map_c_b2_f,11.95743,15.30524,23.54618,23.23382,16.55885,10.38067,11.69985,19.70252,7.618177,6.554251,6.61013,6.062607,5.086082,4.010387,4.914991,7.716886,
0C_24h_map_d_b2_f,12.06304,15.86913,23.92336,23.79655,17.63667,11.06097,12.47523,21.55132,7.337957,6.863873,6.863645,6.534153,5.572029,5.662917,4.74837,6.419113,
0C_288h_map_a_b2_f,14.30134,16.62124,25.78649,25.69784,19.69298,12.46412,13.99432,21.82459,7.734395,7.023679,6.646423,7.093421,6.937848,5.156379,5.722832,6.96485,
0C_288h_map_b_b2_f,12.86196,15.06823,18.94945,19.54222,15.25798,9.897633,10.99255,17.52854,7.360012,6.605487,4.388204,4.268376,4.74958,6.41998,5.537178,5.659945,
0C_288h_map_c_b2_f,15.09303,16.48404,24.66856,25.24621,20.8048,12.77206,13.51487,23.04327,8.36164,6.929588,7.88417,7.943503,8.17552,6.132683,6.433656,8.029922,
0C_288h_map_d_b2_f,12.84992,15.03202,22.81953,23.19426,17.27523,10.58304,10.79256,19.06279,7.365387,6.847789,6.106074,5.805792,5.203623,3.52285,3.659621,5.48453,
0C_288h_map_e_b2_f,12.16293,14.49314,19.71428,19.83716,15.79594,10.09498,10.86624,17.82048,7.782361,6.774665,6.282672,6.128946,5.935271,5.252024,5.654875,6.987051,
0C_288h_map_f_b2_f,12.49114,14.23124,22.87139,23.7132,19.27674,12.77923,13.90129,21.05933,7.958921,6.954563,6.651209,7.091141,6.40339,5.496076,5.642037,6.82733,
0C_288h_map_g_b2_f,14.09167,16.01007,22.69639,22.48448,17.28767,10.84977,11.68602,18.94034,8.027512,6.906034,5.690408,5.853285,5.011967,3.986794,4.373772,5.704019,
0C_288h_map_h_b2_f,14.1773,17.37112,25.93769,26.83189,22.1553,14.42535,14.06275,22.48737,8.104659,6.767757,6.154662,6.397898,6.822134,7.336288,6.287422,6.242731,
0C_288h_map_i_b2_f,13.85054,16.37181,23.24515,24.19713,18.72885,11.87938,14.20149,22.55028,7.617906,6.49374,6.555486,7.513901,6.869597,5.272906,6.306138,7.932355,
0C_288h_map_j_b2_f,13.6188,16.16005,25.11351,25.36738,18.76133,11.75718,13.53655,21.15655,7.531278,6.732334,7.324822,8.177418,6.325356,4.778049,7.081869,7.428293,
0C_288h_map_k_b2_f,13.89793,15.93425,24.24917,24.82305,19.70408,12.35337,12.81323,21.56307,8.650409,7.042255,9.042115,8.88128,8.090721,6.328939,5.747087,8.11506,
0C_48h_map_a_b2_f,13.50543,18.15219,27.73111,28.66064,22.1182,13.82871,14.12737,25.55646,7.336437,6.545837,5.136667,5.516834,5.506914,3.801531,4.556817,5.988984,
0C_48h_map_b_b2_f,12.66342,17.5384,24.98961,25.82948,18.96729,12.08501,12.85495,22.6801,7.144441,6.738164,4.565713,4.503019,3.622989,3.164871,3.416973,4.217363,
0C_48h_map_c_b2_f,11.45086,15.48052,22.15483,22.38181,16.53342,10.60342,12.97009,20.92553,7.480082,8.106974,7.699966,8.288428,7.141254,6.767535,10.18969,9.291917,
10C_0h_map_a_b2_f,12.69312,15.47681,24.12285,25.16446,18.89744,11.80863,13.73733,23.23693,8.245062,6.689273,5.678073,6.592881,5.003074,4.120674,5.693414,7.513827,
10C_0h_map_b_b2_f,11.74674,14.90762,27.66922,28.34455,20.65884,12.42359,14.24373,24.27157,7.541511,7.172072,6.857129,7.154363,6.374141,4.939448,5.816418,7.006109,
10C_0h_map_c_b2_f,11.03593,14.99693,22.19765,22.69902,16.4567,10.28344,12.51676,20.77425,7.154876,7.193955,7.202647,7.054275,5.836152,4.202384,5.008768,7.031923,
10C_0h_map_d_b2_f,13.78793,18.16525,30.68483,31.10493,22.5921,14.57355,15.51051,24.32694,7.481183,6.671008,7.598556,8.376204,7.813332,5.699129,5.794331,5.979804,
10C_24h_map_a_b2_f,12.10625,15.61983,23.40784,23.40189,17.43151,11.15092,13.08113,19.53323,7.545577,6.54723,5.342878,5.505672,5.2984,5.411165,9.243327,6.877603,
10C_24h_map_b_b2_f,12.04613,16.50774,24.15581,24.11159,17.67171,11.34384,13.22835,21.55762,7.352235,6.648341,6.335318,7.12332,6.248992,4.75737,5.559449,6.825227,
10C_24h_map_c_b2_f,12.30563,15.93977,26.16425,25.48702,18.21542,11.77073,13.10646,19.57687,7.341266,6.7478,6.630027,7.014814,6.346993,5.516894,5.522071,6.6293,
10C_24h_map_d_b2_f,12.05182,15.07974,21.64558,22.09562,16.68875,10.54302,12.70159,20.45925,7.434422,6.349615,5.492599,5.558226,4.731454,4.032638,4.932025,6.191134,
10C_48h_map_a_b2_f,12.71464,16.33218,25.61465,26.92353,20.4939,12.677,13.54385,22.79174,7.218091,6.695407,5.615359,5.79436,5.996814,4.346482,5.019704,6.495011,
10C_48h_map_b_b2_f,10.68795,13.79217,21.10229,20.73624,15.72984,10.03623,9.938098,16.74701,7.081448,6.42037,5.502111,4.881868,4.99392,5.149032,4.406191,5.391527,
10C_48h_map_c_b2_f,11.12343,14.49449,26.02898,25.44145,18.57456,11.74411,12.64961,20.44446,7.741337,7.175532,9.199547,7.811678,7.03408,6.14568,6.188552,7.47434,
5C_0h_map_a_b2_f,13.52456,16.31965,26.44417,25.76864,19.46629,12.25189,13.15313,21.32366,8.790334,6.920618,9.227742,9.228063,9.768446,7.398733,7.309693,8.26508,
5C_0h_map_b_b2_f,11.77439,15.06439,22.55552,22.75957,17.40079,10.99346,12.64767,20.79037,7.550117,6.86332,7.387581,7.591938,7.022905,5.266035,6.094439,7.204191,
5C_0h_map_c_b2_f,11.82894,15.02656,23.69851,23.84031,18.20678,11.18302,12.48976,21.63147,7.845959,7.000244,8.453145,8.225904,7.349169,5.603292,5.592395,7.218381,
5C_0h_map_d_b2_f,10.22441,13.3407,20.19871,20.39495,14.8698,9.217295,10.78428,18.8349,7.127209,6.568812,5.960959,6.168795,5.193493,3.802983,4.393508,6.331463,
5C_120h_map_a_b2_f,12.667,16.41964,22.82036,23.15381,18.22341,11.76115,13.30792,20.49488,7.478024,6.957129,7.245827,7.678881,8.315723,6.193042,6.341281,7.534057,
5C_120h_map_b_b2_f,13.99184,15.75402,23.89504,24.72093,19.40707,12.6864,14.3011,22.56098,8.351295,6.888388,7.787842,8.085759,8.168389,7.218284,7.36533,9.489812,
5C_120h_map_c_b2_f,14.60988,17.89227,25.85975,26.56135,21.04574,13.40679,16.35767,24.85751,7.657506,6.729721,5.781438,5.857699,6.082288,5.783819,7.334099,7.472606,
5C_120h_map_d_b2_f,15.20058,17.99155,28.33268,29.63975,23.98902,15.93172,17.18504,25.81026,7.984903,6.986698,8.064472,8.620062,8.398994,7.478349,7.03422,8.252763,
5C_24h_map_a_b2_f,12.00318,15.23024,25.22581,25.87332,19.40212,12.1974,13.61008,23.34047,7.941725,6.968105,8.235096,8.336453,7.457871,6.046745,7.481646,9.009686,
5C_24h_map_b_b2_f,13.08986,17.78699,26.19457,26.45955,18.6384,11.82924,13.27895,22.8707,7.423702,6.441518,5.350266,4.875837,4.642445,4.07919,4.171951,5.231251,
5C_24h_map_c_b2_f,13.00459,15.48795,25.89898,25.99035,19.69712,12.16779,12.92326,20.02055,9.219017,7.455518,10.04001,10.44191,8.902798,6.527997,6.713614,7.572027,
5C_24h_map_d_b2_f,12.53675,16.41171,25.78343,26.16256,20.93617,13.74424,15.12314,23.17813,7.626104,6.793799,8.619439,8.40027,8.510262,7.848807,7.485185,8.71602,
5C_48h_map_a_b2_f,13.17843,16.43848,25.96811,26.33301,20.11306,12.64868,13.75084,22.40348,7.753272,6.648291,6.277782,6.080612,6.430088,6.012544,6.865088,6.895836,
5C_48h_map_b_b2_f,12.50947,16.57102,28.40793,27.88168,20.72384,12.65698,14.18349,22.95804,7.576742,7.492223,8.387729,8.042026,8.480078,5.396052,7.399484,11.13435,
5C_48h_map_c_b2_f,11.31414,14.85723,21.68069,22.01932,16.90522,11.13763,12.86061,19.80229,7.45553,6.76002,6.714843,5.862708,6.003509,6.272915,5.950763,5.418022,
0C_0h_air_a_b2_f,16.53411,18.72628,26.62898,26.06433,21.20134,13.62292,14.75988,23.61703,10.16862,8.660588,10.67673,10.78012,10.62347,7.77473,9.686646,12.3126,
0C_0h_air_b_b2_f,17.54938,17.97368,25.62129,26.35004,22.00263,13.76832,15.46826,26.10261,9.123512,7.76828,8.029942,8.299998,11.32906,7.077719,8.542604,11.10956,
0C_0h_air_c_b2_f,17.91974,17.73804,26.59579,27.04721,21.31582,13.34686,14.8206,23.54044,10.10037,7.960753,9.804925,9.205873,8.16726,6.475454,6.786938,7.492068,
0C_0h_air_d_b2_f,16.69086,17.21131,25.44842,24.80104,18.33509,11.32245,12.19077,21.40699,9.043877,7.635655,7.250109,6.888101,5.373508,4.167336,4.081427,6.71051,
0C_72h_air_a_b2_f,16.17937,16.69742,23.30729,23.36059,18.63788,11.899,13.5899,21.36101,9.994226,8.05956,9.40881,9.323277,8.70095,6.871718,7.34631,9.64765,
0C_72h_air_b_b2_f,15.41874,16.67581,22.20881,22.26637,17.21516,10.88972,12.22012,20.128,9.124789,6.913554,5.995684,6.488812,5.181977,5.466844,4.547196,6.191501,
0C_72h_air_c_b2_f,16.5409,18.08124,25.2876,25.44584,19.90071,12.83148,15.72497,23.35987,9.36324,7.435403,7.186625,7.056688,6.164007,5.503583,8.076041,8.269638,
10C_0h_air_a_b2_f,16.77888,17.35842,24.41448,25.24768,19.82679,12.42583,14.06725,21.93488,9.169185,7.600198,7.117011,6.980363,6.567391,5.197547,5.481767,6.534251,
10C_0h_air_b_b2_f,16.41751,16.49031,24.1224,24.12156,18.75321,11.61012,13.02081,20.74534,9.190689,7.729697,9.173404,9.341613,8.381299,5.606335,6.245167,8.287255,
10C_0h_air_c_b2_f,16.5872,17.34929,25.67398,26.16999,20.6686,12.60495,13.644,22.52183,9.551516,7.796587,8.801404,8.625485,7.501445,5.4149,5.11987,6.73842,
10C_0h_air_d_b2_f,15.82326,15.27936,24.1258,24.44169,18.64768,11.68796,12.58521,20.66028,9.677809,7.64368,8.179741,8.107058,6.609837,5.373169,5.44655,6.286064,
10C_24h_air_a_b2_f,14.90227,16.39642,22.73895,23.01735,18.01826,10.97359,12.42855,19.26407,8.984576,7.172589,6.888047,6.982854,6.355276,4.975102,5.607368,6.514764,
10C_24h_air_b_b2_f,18.9191,19.53086,31.11571,31.52095,23.59166,14.74606,17.07784,25.6907,9.314522,7.395206,7.815732,7.718791,6.961498,5.850561,8.32597,7.011728,
10C_24h_air_c_b2_f,15.64378,16.03564,25.0573,25.1385,19.62572,12.03785,13.74585,21.86236,9.136613,7.066088,6.467686,6.362318,6.25603,4.589616,5.188752,7.001145,
10C_24h_air_d_b2_f,17.41055,18.08671,27.57629,27.36771,20.90602,12.84295,13.74228,21.39231,9.046555,7.176262,7.186166,7.018394,8.653283,6.045806,5.840576,6.446943,
5C_0h_air_a_b2_f,15.66248,17.05154,23.56412,23.6543,17.61898,11.07456,12.31145,21.35759,8.958229,7.911629,7.683671,8.538071,7.229231,6.53408,7.157163,7.924675,
5C_0h_air_b_b2_f,16.135,16.74313,23.8646,24.58788,19.73519,11.94431,13.64013,22.37412,9.110161,7.308557,7.043449,7.21315,7.046584,5.514201,6.311241,7.712928,
5C_0h_air_c_b2_f,17.24839,18.42854,27.34085,27.97787,21.99419,13.67321,14.86189,23.01348,9.064041,8.306268,7.994004,8.894991,8.184418,6.560341,5.744794,7.563816,
5C_0h_air_d_b2_f,17.12357,17.51564,27.96564,28.68737,22.4424,13.89298,15.72156,24.10704,9.137557,7.692838,8.89703,8.851508,8.394257,6.891066,7.87641,8.482821,
5C_24h_air_a_b2_f,15.71238,16.99048,22.30712,22.24105,17.90227,11.34888,12.69056,19.79196,8.737276,7.182068,5.109402,5.289607,6.917325,5.28198,4.332263,5.057089,
5C_24h_air_b_b2_f,18.82629,19.82367,30.60462,30.10134,23.17388,14.33498,14.37137,22.62762,9.805868,8.11296,10.37106,9.795712,8.842773,6.582831,5.498143,6.496331,
5C_24h_air_c_b2_f,15.30661,15.59895,23.55479,23.69527,18.92142,11.68782,13.28228,20.99186,9.614327,7.941937,8.725276,8.352439,7.459107,5.726717,6.238811,7.832614,
5C_24h_air_d_b2_f,15.78057,17.07281,21.32013,21.32004,15.88195,10.13159,10.59547,19.07422,9.160662,7.079148,5.392077,5.185776,3.827976,3.830716,5.032561,5.806902,
5C_72h_air_a_b2_f,15.16058,15.48255,22.11319,23.1946,17.49962,10.8095,13.58836,21.95439,8.99165,7.489584,6.671155,6.453862,5.839622,4.791905,6.019757,8.038967,
5C_72h_air_b_b2_f,14.2972,14.92684,21.26598,21.45352,16.16054,10.21747,12.87052,20.2824,8.68234,7.368327,6.986686,6.336718,5.775132,4.708151,6.072848,8.254943,
5C_72h_air_c_b2_f,16.88999,17.75691,28.42515,28.91364,23.20661,14.85543,17.40693,25.66132,9.52836,7.786892,8.447157,8.65321,7.588345,6.040114,6.252332,7.137203,
10C_72h_air_a_b2,15.194,15.74599,25.42105,28.49104,25.19475,17.14953,16.60413,27.82051,9.068001,7.224211,5.882297,6.474148,7.738197,6.260031,7.438762,8.778529,
10C_72h_air_b_b2,16.4798,17.16208,26.61889,27.7923,22.77227,14.80011,14.58439,23.55866,8.750304,7.333306,6.48137,6.790438,6.356042,4.958586,6.658033,6.728645,
10C_72h_air_c_b2,12.9004,14.12581,20.87196,22.48116,19.10907,12.64144,12.13466,20.26847,8.200202,8.405818,6.383354,6.645878,6.049076,4.514828,4.311131,5.967196,
10C_96h_air_a_b2,18.59595,19.8315,30.64197,32.62372,28.82472,19.94479,19.02915,30.71314,9.172468,7.847123,7.868355,7.397821,8.582217,7.680217,7.6446,8.689452,
10C_96h_air_b_b2,15.4151,16.58829,26.61806,28.74912,24.74722,16.54632,15.70139,25.95255,8.616936,7.422961,7.157454,8.455472,7.520345,5.736037,6.779016,8.142055,
10C_96h_air_c_b2,14.95745,15.78939,22.13124,23.03458,19.46985,12.61414,11.75579,20.56427,8.079665,7.327963,6.02537,6.214893,6.858511,6.200849,5.289293,6.865941,
10C_96h_air_d_b2,12.28428,12.94412,18.98285,18.87418,15.38804,10.18984,9.881866,16.49419,8.46981,7.496833,7.246264,7.241201,7.15444,6.227472,7.723321,8.878588,
5C_0h_air_a_b2,16.01436,18.99266,25.60456,26.43566,20.8733,13.84236,13.58356,25.88099,8.244366,6.935585,7.443957,7.784367,6.614594,4.849969,5.102123,7.604361,
5C_0h_air_b_b2,15.2597,18.24324,24.49678,26.05933,20.90179,13.66014,13.52813,25.75504,8.022244,7.31688,5.595291,5.182523,5.191585,4.91761,4.69381,6.902588,
5C_0h_air_c_b2,15.11375,17.15732,25.38881,26.14486,21.26816,14.14419,14.22025,24.27375,7.786772,6.818431,6.513516,7.109159,6.623336,5.367393,5.336907,6.807987,
5C_0h_air_d_b2,16.22356,17.96384,29.35572,30.65283,24.81555,15.96404,16.36764,28.44671,8.505326,7.373135,8.665661,8.874347,8.33289,7.24116,6.847351,8.197269,
5C_168h_air_a_b2,12.40749,12.00242,21.2202,22.48007,19.95088,13.87736,12.98799,19.95212,8.510544,7.5414,8.898069,8.561443,7.697464,6.189954,6.309651,7.86237,
5C_168h_air_b_b2,13.1399,14.17639,21.52209,22.35654,18.13559,12.03067,11.48315,19.0435,7.946683,7.184891,6.569814,7.225002,6.809588,5.374267,5.279353,6.523799,
5C_168h_air_c_b2,13.88783,14.33463,25.11253,26.43056,22.10597,15.06767,14.51746,21.82714,7.986277,7.080799,8.612504,8.803504,8.883993,6.615729,6.237029,7.85555,
5C_168h_air_d_b2,12.61783,13.35219,20.61621,22.10673,19.11316,12.8301,12.12392,20.78396,7.335439,6.861547,5.636794,5.437856,5.225508,4.931668,4.753167,6.868904,
5C_168h_air_e_b2,15.04756,17.30117,23.81419,25.36268,20.6029,13.90096,13.93384,22.61058,7.487606,7.00873,5.31777,5.864724,5.799974,5.385393,7.631714,8.300909,
5C_168h_air_f_b2,17.2635,18.59216,30.70465,32.32868,25.31166,16.54166,15.41014,25.12061,7.497084,7.12673,5.609206,5.96029,7.403183,6.057405,6.739409,6.370941,
5C_24h_air_a_b2,16.91059,18.26486,23.68088,24.28914,20.23902,13.72211,14.13538,24.0051,7.937036,6.813366,5.572457,5.630755,5.579929,4.660839,4.521365,6.046816,
5C_24h_air_b_b2,19.74857,20.80576,28.74778,29.1281,22.68727,15.70045,14.11715,25.14391,8.603154,7.721129,6.924284,7.221833,6.318681,5.098793,4.389059,6.236484,
5C_24h_air_c_b2,16.8303,18.78777,25.7177,26.85732,21.7779,14.24,15.36554,27.05194,7.724761,7.981082,5.812566,5.47841,6.463718,4.737885,7.075669,9.964549,
5C_24h_air_d_b2,16.17256,18.74314,22.82291,22.9959,18.59484,12.99432,11.90952,23.11527,7.963062,6.697289,4.770219,4.619068,4.80666,5.223457,4.90834,5.217527,
5C_72h_air_a_b2,18.54128,19.93422,25.83367,27.28032,22.10969,14.37287,15.82335,26.06682,8.396529,6.997122,5.305392,5.121416,5.657806,6.036041,5.087552,6.387716,
5C_72h_air_b_b2,16.51365,17.57616,23.14631,24.05342,18.63417,12.48324,15.023,24.20765,9.024492,7.551164,7.705225,7.970578,6.355749,5.211503,6.372278,8.644979,
5C_72h_air_c_b2,17.19777,18.20575,26.65856,27.73453,22.56911,15.05622,17.06313,25.86145,9.056611,7.379704,8.895325,9.477095,8.375607,6.935363,8.496996,9.036898,
5C_96h_air_a_b2,16.9303,17.20684,26.95652,29.24363,23.35631,15.70438,17.7926,27.16157,9.186904,7.291571,7.404891,7.370472,6.926131,5.45356,5.429325,6.558375,
5C_96h_air_b_b2,16.73818,17.91583,27.76689,29.44421,23.96558,16.52245,17.6811,26.65463,8.737561,6.826113,6.529446,6.548196,6.374912,5.212829,4.710529,5.906817,
5C_96h_air_c_b2,16.05169,16.85295,24.1456,25.62787,20.64293,13.36043,14.25537,23.01038,7.776483,6.784668,5.542623,5.921246,7.34549,3.59466,4.984005,6.311858,
5C_96h_air_d_b2,15.50301,16.25377,23.81554,24.70094,19.34084,12.53373,13.06756,21.75692,8.555676,7.263894,6.757803,6.654494,5.749266,5.096087,4.853092,6.235495,
0C_0h_map_a_b1,19.82269,21.42677,30.13486,31.5854,25.91387,17.13764,17.35303,29.07892,9.075107,7.640244,8.897469,8.194062,8.090194,6.301307,6.564507,6.827667,
0C_0h_map_b_b1,17.57924,18.36662,24.83902,25.86942,21.42013,14.44665,14.46741,25.20246,9.081924,8.296111,8.81795,8.570278,7.957665,6.862983,7.12152,9.127388,
0C_0h_map_c_b1,21.16045,20.62261,33.11496,33.80329,27.29503,18.56923,18.38238,29.36893,9.769307,7.041107,8.88046,8.169781,7.234484,5.815142,5.536558,6.143872,
0C_0h_map_d_b1,19.50459,20.9096,30.2222,31.44594,26.98008,18.65176,18.2078,31.42213,8.391725,7.699258,7.120176,6.938255,8.27967,8.887646,8.858234,9.998759,
0C_168h_map_a_b1,19.08849,18.32906,23.97554,24.68562,19.55736,12.89124,13.03986,21.00851,8.552806,6.998239,5.62556,5.723284,5.373796,4.429715,4.939141,6.358763,
0C_168h_map_b_b1,18.44451,18.51052,24.21759,25.09302,20.21918,12.75348,13.9357,22.48022,8.421317,7.083474,6.05125,5.8817,6.870705,5.497206,5.925331,6.820119,
0C_168h_map_c_b1,18.31639,19.04094,25.38936,26.14448,21.39448,14.90022,15.76532,23.48688,8.594943,7.612049,7.863624,7.794693,8.093167,8.445066,9.280984,9.851912,
0C_168h_map_d_b1,21.48717,21.65227,32.92187,33.66111,27.38369,18.48924,17.79835,25.88433,9.313176,8.351604,9.744924,9.617326,10.42276,9.562479,7.565834,9.027581,
0C_168h_map_e_b1,19.74871,18.41471,25.40052,26.66286,20.4145,13.85844,14.06278,22.41426,9.183572,7.081086,6.332428,6.258922,6.198406,7.389762,4.928522,6.431064,
0C_168h_map_f_b1,21.14648,19.88618,28.0321,29.34487,23.12165,15.21897,15.79231,25.52394,10.25626,7.687546,8.407506,8.40783,6.9325,5.916578,6.035055,7.648146,
0C_216h_map_a_b1,15.3317,17.57072,25.84882,27.44352,21.59709,14.19844,16.51101,24.88294,8.635457,6.982696,6.421301,6.870102,7.069583,6.710485,7.164853,7.476587,
0C_216h_map_b_b1,12.92258,15.18508,22.77882,23.1783,17.94786,12.23041,12.63691,19.85082,8.384043,7.308263,9.23444,9.513458,7.96808,6.529542,6.531798,7.999331,
0C_216h_map_c_b1,16.17164,18.15241,28.28381,29.45231,23.16649,16.08574,16.77898,25.9234,8.167526,7.775623,6.49159,7.153195,8.163002,9.530809,7.956225,8.973211,
0C_216h_map_d_b1,13.92352,15.60389,25.19019,25.77389,19.79303,13.32584,13.17358,20.85354,9.228304,7.174291,6.325339,6.633775,6.271935,5.934243,6.457715,6.26657,
0C_216h_map_e_b1,15.64701,18.11387,30.98215,31.83574,25.14862,17.44369,18.12036,26.23897,8.620389,8.170466,7.962883,8.282372,9.840479,10.24087,9.604476,10.35503,
0C_216h_map_f_b1,14.05791,15.71468,22.42431,23.48481,17.52012,11.38165,11.90603,19.92396,8.927443,7.107464,6.957518,7.673825,6.327861,4.938649,5.664555,6.91608,
0C_240h_map_a_b1,14.80871,17.28102,26.4416,27.68137,23.20518,15.36364,15.60134,24.05935,8.572806,7.618173,8.011929,8.845576,11.21949,7.424272,7.210162,8.61424,
0C_240h_map_b_b1,14.54268,16.9013,26.37435,27.54781,21.89089,14.94569,14.24049,23.17995,8.574446,7.020717,6.957739,7.377251,6.704151,5.650427,4.936241,6.315866,
0C_240h_map_c_b1,12.71215,15.63947,21.93281,22.18324,17.9391,12.17163,12.9923,20.05392,8.268835,7.862706,7.898734,8.120167,8.339183,7.994437,9.472187,9.473265,
0C_240h_map_d_b1,14.83028,17.12173,25.87613,26.92905,21.72301,13.9513,14.18339,23.20751,8.560264,6.969965,7.198176,7.228282,8.568456,6.873735,6.22915,8.006976,
0C_240h_map_e_b1,16.97977,19.70398,27.45319,28.50047,23.40818,16.32971,16.12077,24.96076,9.324889,7.341831,8.767545,9.207148,8.673148,7.3475,7.88459,10.59434,
0C_240h_map_f_b1,14.77158,17.01885,25.33826,25.70697,19.92138,13.62382,13.67329,21.47636,8.514906,7.129043,9.212577,9.63191,8.770908,7.276244,6.792251,7.456439,
0C_24h_map_a_b1,21.29275,22.41274,29.91008,31.65177,27.20981,19.07429,19.53234,31.90987,8.595668,7.90568,5.266241,5.546172,6.373699,7.394066,7.506242,9.223441,
0C_24h_map_b_b1,23.30323,22.59797,35.1936,37.76635,30.66365,20.58487,21.27705,34.31615,8.756125,6.941584,7.831454,7.757864,7.03687,6.332657,8.119559,7.91829,
0C_24h_map_c_b1,19.24658,19.40684,27.97657,27.63188,20.99747,14.59223,13.41747,19.97095,9.652685,7.80738,9.895851,10.85311,10.23034,8.474947,8.443196,8.379889,
0C_24h_map_d_b1,19.71096,21.00634,27.14088,27.85484,22.40182,15.70236,15.66165,26.15993,8.542174,7.189735,6.29697,6.406825,7.220519,7.663482,8.17462,8.177561,
0C_96h_map_a_b1,19.50391,19.24433,29.07001,28.83253,22.71867,15.05223,15.10474,22.00619,8.334854,7.43315,8.91316,9.447133,7.952818,5.201587,5.452354,6.843487,
0C_96h_map_b_b1,19.59162,20.17229,28.51417,27.85185,22.14267,14.59781,14.54904,22.02069,8.814642,7.880618,9.577816,8.659371,7.854759,6.450974,6.596977,7.097152,
0C_96h_map_c_b1,20.18242,20.18776,27.10341,29.14391,23.31899,15.26553,16.68872,26.15269,8.590985,8.091615,7.174267,8.165024,7.737753,6.719926,9.17775,10.40258,
0C_96h_map_d_b1,20.90223,20.94893,27.75035,29.38774,25.11344,16.4542,17.06362,27.26677,9.015857,8.266297,8.346683,8.474051,8.861737,7.758569,7.817997,9.348388,
10C_0h_map_a_b1,18.69246,21.05511,27.50422,27.64644,23.06373,16.57716,15.80212,27.11944,8.687609,7.388152,7.714409,7.669071,7.799434,7.133565,7.198126,8.773909,
10C_0h_map_b_b1,19.46387,21.1563,28.35136,28.38624,22.48723,15.25059,14.42908,26.54003,9.015683,7.516142,6.748071,8.019974,8.017769,5.900403,5.421835,7.46919,
10C_0h_map_c_b1,19.41623,20.76841,29.79199,30.10606,23.36856,15.92067,14.68879,25.34757,8.471015,7.942443,6.392892,6.934461,6.649655,6.103663,5.431693,6.39427,
10C_0h_map_d_b1,18.94688,19.58446,27.90694,29.62739,23.34722,15.60813,14.9818,26.79587,8.72944,7.132467,6.467517,6.911288,5.676842,4.526733,4.347683,5.639187,
10C_24h_map_a_b1,20.57349,20.45501,31.74198,33.21394,28.07705,18.94809,18.74073,28.4414,8.421815,7.312881,8.04114,8.384408,8.44814,7.184925,7.672458,8.097082,
10C_24h_map_b_b1,20.73878,21.15309,32.05402,32.49202,26.00713,17.2795,16.2543,26.98734,8.849576,7.295036,7.240927,7.620241,6.959889,5.700833,6.359571,7.065238,
10C_24h_map_c_b1,19.49513,20.71524,27.18167,28.43078,22.9588,15.75861,15.3204,26.56893,8.868193,7.540199,6.411906,7.176759,7.761135,6.887251,6.51356,8.540923,
10C_24h_map_d_b1,21.05257,21.27685,30.4353,31.13929,25.72018,17.22352,16.11382,28.00233,8.917283,7.396799,10.13806,9.726266,9.834381,8.031599,7.38963,9.739489,
10C_96h_map_a_b1,18.00727,17.47065,25.62274,26.95876,23.26323,15.52307,15.80746,24.52118,8.423659,7.084748,6.835229,6.861671,6.982798,5.844646,6.307254,7.741325,
10C_96h_map_b_b1,16.94008,15.758,23.72395,24.76141,20.6376,13.56178,12.72795,20.03158,8.60889,7.632699,7.2554,7.676402,7.424645,5.812678,5.625589,7.094923,
10C_96h_map_c_b1,19.54155,20.70282,27.72513,29.31818,24.76646,16.55062,15.49084,26.51371,8.442486,7.47434,5.979058,6.149516,6.630165,5.525058,4.814245,6.658548,
10C_96h_map_d_b1,18.02898,17.85341,27.43252,28.04909,23.20437,15.27626,14.23648,22.45998,8.269965,7.473731,8.581939,7.771494,6.848934,6.219644,5.307203,8.113299,
5C_0h_map_a_b1,20.78184,23.30779,31.84263,34.53388,28.70094,20.06187,18.81708,32.67233,8.190232,7.863527,4.771008,5.063153,4.617226,5.405013,5.64811,4.687377,
5C_0h_map_b_b1,17.01244,18.47368,25.32525,24.99327,18.73262,12.47987,12.55707,21.59978,8.796625,8.121206,6.458476,6.041228,4.717566,4.385311,5.477655,7.018084,
5C_0h_map_c_b1,17.96522,19.77911,25.70804,26.43362,21.41268,15.05735,14.2701,27.07585,8.711172,8.212993,6.812861,6.063697,5.980816,8.15384,8.411973,11.45527,
5C_0h_map_d_b1,19.2625,19.27837,30.74437,30.78233,24.56394,16.28605,17.19518,27.36596,9.727259,7.091028,8.091759,7.466741,6.809347,5.930067,7.296218,7.632244,
5C_168h_map_a_b1,18.79907,18.42764,27.30999,28.2945,23.35115,15.3885,15.18019,22.89575,8.274721,7.027548,6.348998,6.105646,6.161494,5.209048,5.605399,6.008031,
5C_168h_map_b_b1,18.53374,18.01112,26.56851,27.63997,24.17441,16.56216,16.67094,25.46031,8.201599,7.203355,7.304603,7.250185,7.872263,6.882521,6.15728,7.443766,
5C_168h_map_c_b1,20.70841,20.56347,30.39693,32.17136,27.83984,18.88033,18.5845,29.35328,8.144037,7.418501,7.568545,7.727852,8.173746,6.544614,6.337024,8.390547,
5C_168h_map_d_b1,20.05804,20.18835,30.02559,32.12753,27.12879,18.65062,19.45143,30.12367,8.580626,7.381125,6.351915,7.402171,7.723346,8.348521,6.861969,7.407614,
5C_168h_map_e_b1,19.05862,18.8929,27.19021,28.29968,23.90316,15.30426,15.01256,24.8979,8.777272,7.635619,7.407466,7.993336,8.75106,6.930727,6.822136,8.95552,
5C_168h_map_f_b1,20.74718,21.46965,31.0303,32.35184,26.19484,17.2815,16.69188,27.3756,8.284885,7.882073,6.295906,6.268188,5.400343,4.519253,4.546937,6.363028,
5C_216h_map_a_b1,14.42599,16.73697,26.39732,27.76922,23.27546,15.13698,14.51222,23.9408,8.328345,7.02079,6.150759,6.374512,6.183461,4.755394,4.926677,6.794535,
5C_216h_map_b_b1,14.57857,17.28368,26.50525,27.37901,22.63273,14.92975,14.61876,24.61003,8.024349,7.060656,5.114181,5.511219,6.591454,5.581603,5.290741,6.842592,
5C_216h_map_c_b1,12.11042,15.39431,24.36976,25.39934,22.11228,14.69705,13.3806,20.10862,7.800142,7.187368,6.060472,5.630144,9.982972,8.491184,7.873639,6.559302,
5C_216h_map_d_b1,15.1064,17.92584,27.38046,28.98932,24.1546,16.68063,15.73899,25.30783,8.2691,6.910127,5.61953,5.707783,5.992648,6.4963,8.197688,7.20918,
5C_216h_map_e_b1,13.15682,14.751,25.65448,27.20312,22.74564,15.25333,14.42445,21.75713,8.688749,7.223545,8.720092,8.643769,8.417185,6.661592,7.735238,6.827402,
5C_216h_map_f_b1,15.59983,17.93111,28.68179,29.95112,25.47943,16.79905,15.30796,25.35604,8.805944,7.560334,7.966556,9.235948,12.09478,10.05003,9.917083,11.39198,
5C_240h_map_a_b1,14.71555,16.63188,27.58458,28.32132,23.56756,15.19985,14.83027,23.41178,8.894394,7.267385,7.672193,7.359645,6.656435,5.396784,6.156693,7.28181,
5C_240h_map_b_b1,14.90065,16.91907,27.60231,28.22976,23.43203,15.41827,14.85289,23.52707,8.473254,7.373835,6.391298,6.428883,7.085416,5.905371,5.784661,6.644752,
5C_240h_map_c_b1,17.30257,19.4108,33.37249,35.14048,28.97573,19.97004,18.48183,28.37453,9.851052,8.079114,10.69999,11.85296,11.07011,9.019506,7.870223,8.899239,
5C_240h_map_d_b1,15.36074,17.05449,29.8694,32.48949,29.56599,20.17637,19.29582,29.41188,9.709367,8.602482,11.6334,13.12086,13.73817,10.74495,10.02121,12.26176,
5C_240h_map_e_b1,13.76182,15.09207,26.68833,27.97376,22.33857,14.75871,13.76756,21.22556,8.334047,7.113378,7.737256,8.328794,7.227482,5.318085,5.078383,6.238206,
5C_240h_map_f_b1,12.99062,15.23991,23.75104,25.39275,20.89499,13.90608,13.65798,23.17942,8.349707,7.025584,6.131037,6.448653,5.90248,4.590415,4.867402,6.647291,
5C_24h_map_a_b1,21.49221,21.56514,29.61049,29.49177,22.63836,15.61698,15.40789,25.01763,8.888497,7.947857,6.593477,7.395219,6.324543,7.449098,9.831079,6.979384,
5C_24h_map_b_b1,19.18847,20.57831,25.98807,26.94356,21.90856,14.36754,14.68798,25.74226,8.126549,7.083554,5.833734,5.892382,6.771812,6.226167,7.339285,8.431448,
5C_24h_map_c_b1,20.75962,20.98398,26.73629,27.6796,21.76353,14.98115,14.68214,25.67336,8.389401,7.201415,5.732968,5.380596,4.948518,6.85544,6.806427,7.343665,
5C_24h_map_d_b1,20.83134,21.5043,32.27501,33.272,25.49654,16.68992,18.07745,29.62025,8.80171,7.32566,6.729368,6.886619,6.654318,6.378923,5.358414,7.214671,
5C_96h_map_a_b1,19.89604,20.10789,25.12643,26.25689,22.64607,15.05054,16.57846,25.14116,8.22382,7.12712,6.90802,7.171036,8.495224,6.856528,7.612545,9.576041,
5C_96h_map_b_b1,20.14104,20.6575,25.84084,27.33827,21.92305,13.82927,14.52257,23.86363,7.76889,7.168237,6.510602,7.183457,8.091564,6.17523,4.925367,6.638652,
5C_96h_map_c_b1,20.92837,21.20809,27.12536,28.53629,22.77916,15.42669,16.4384,25.26905,8.061642,8.35428,5.858942,5.865689,5.334442,7.062031,10.84799,9.302732,
5C_96h_map_d_b1,19.45213,19.97681,24.90946,25.1374,19.3753,12.49665,13.09271,21.69105,8.457838,8.42195,5.212204,5.885779,5.719878,5.050518,7.234527,9.994572,
0C_0h_map_a_b2,16.59439,19.51634,27.16805,27.91794,21.02147,13.90948,13.75435,26.57327,8.277429,7.263492,5.452238,4.634041,4.254239,3.673942,4.1838,7.022903,
0C_0h_map_b_b2,16.60221,19.6168,28.2074,28.46273,22.1659,14.82897,14.97456,26.87285,8.657919,7.822217,8.385153,8.341353,7.823145,6.402539,6.808076,7.887348,
0C_0h_map_c_b2,17.81769,20.0548,30.64537,31.02828,23.77379,15.54642,15.453,27.03113,8.460699,7.386176,6.192924,5.64617,5.308662,4.377653,4.493196,5.883628,
0C_0h_map_d_b2,16.33629,18.6197,26.46906,26.93676,21.21105,14.29195,14.06929,25.25034,8.668964,7.708864,5.843157,6.413978,5.730932,4.649723,4.658366,6.584767,
0C_120h_map_a_b2,17.08523,19.52016,24.56865,26.10972,21.49787,13.77958,15.11694,25.35308,8.241693,7.055254,4.775764,5.233014,6.564759,6.038966,5.879326,8.020226,
0C_120h_map_b_b2,18.04485,18.65365,28.20354,28.86209,22.94707,15.37946,15.87325,24.57717,8.619947,7.119517,6.82094,6.686698,6.727761,6.687666,7.766965,7.417215,
0C_120h_map_c_b2,18.38907,19.72314,29.25481,29.84368,23.35247,15.80587,15.57702,26.20009,8.655707,7.273264,5.972061,5.818681,5.222656,4.414834,5.531725,7.346214,
0C_120h_map_d_b2,17.73862,19.90909,28.77289,28.95791,23.11461,15.31837,16.14767,26.70595,7.89807,7.122325,5.835063,5.97849,6.081594,4.991556,5.980391,7.859653,
0C_144h_map_a_b2,16.81795,17.83606,25.18761,26.11438,20.86171,14.13126,14.11703,23.53218,8.83359,7.130631,7.799211,8.600257,8.449856,7.34006,6.225249,8.045953,
0C_144h_map_b_b2,17.03285,17.94848,26.4059,25.92475,20.15276,13.46355,14.17798,22.32438,9.586036,7.621294,8.460835,7.967197,6.876451,6.212885,7.031374,7.842417,
0C_144h_map_c_b2,19.37905,20.86248,34.02097,34.33347,25.86525,17.26561,16.70229,26.54479,8.484818,7.09759,9.011969,8.465304,7.441595,5.893851,6.064956,7.523849,
0C_144h_map_d_b2,17.73126,19.32577,27.57724,28.09291,23.87202,16.22355,16.35574,26.34576,8.200902,7.44475,7.446182,7.110007,7.965888,7.813565,8.821324,9.732157,
0C_216h_map_a_b2,18.94919,21.03961,29.23682,31.71158,22.42403,14.34149,16.33422,26.29076,7.865194,6.977498,5.515708,6.458125,4.905877,3.030754,3.293048,5.163926,
0C_216h_map_b_b2,17.57424,19.99261,25.70195,27.15826,19.99067,12.75804,14.06585,23.89674,7.755042,6.856448,5.174156,5.253414,3.92642,2.971636,3.324477,4.856985,
0C_216h_map_c_b2,14.72225,16.14083,22.24708,23.34095,18.98144,12.23151,12.42945,19.95363,8.085038,7.035236,7.160237,7.959395,7.116215,4.521954,4.904918,6.713188,
0C_216h_map_d_b2,20.90359,22.754,29.35069,32.07549,22.32892,14.15382,16.78719,27.6383,8.744153,8.103753,6.6281,8.354886,6.906347,4.441837,4.936054,7.271738,
0C_24h_map_a_b2,19.27816,20.88065,30.99865,31.75627,24.96329,16.79612,17.12325,27.5459,8.733623,7.310819,7.608646,6.920919,6.869428,5.780399,6.228654,6.3211,
0C_24h_map_b_b2,19.58605,22.67387,29.46578,31.28016,25.64338,17.46277,18.43496,31.51628,8.183925,7.96173,5.34163,6.128721,6.001568,5.10985,5.035865,5.989387,
0C_24h_map_c_b2,18.58406,20.51883,28.51266,28.88789,22.82295,15.37408,14.76201,24.86744,8.538449,7.403916,8.162775,8.250176,8.377582,6.676079,7.782949,5.513013,
0C_24h_map_d_b2,17.1167,18.29227,25.6317,26.46308,21.0778,13.62954,14.29083,26.64979,8.495923,7.463848,7.133149,7.363786,6.871888,5.590875,6.456822,8.904144,
0C_48h_map_a_b2,17.5603,22.65574,30.74487,32.79954,27.42211,18.67293,17.96325,32.20779,7.840937,7.151148,6.198286,6.835555,7.515343,7.31879,7.470928,8.257992,
0C_48h_map_b_b2,15.3617,20.07388,27.63811,28.76731,22.81986,15.68851,15.3203,27.33116,7.895694,6.870626,5.911298,6.035261,5.518331,4.869411,4.378925,6.362298,
0C_48h_map_c_b2,15.65846,20.89967,27.84086,28.59557,21.85405,15.33177,15.58469,26.74702,7.561085,7.855217,5.584743,6.622744,6.639165,9.211293,5.681064,6.911575,
10C_0h_map_a_b2,17.86672,20.42221,26.81454,28.17607,22.65245,16.01226,15.4481,28.60115,8.316553,8.193033,5.200806,5.364987,5.336298,7.109227,7.459603,7.159537,
10C_0h_map_b_b2,16.28199,18.08432,30.88272,30.73138,25.46609,16.98168,16.28428,28.48367,8.267165,7.536627,6.926787,6.052373,7.045503,9.187851,6.002014,6.741252,
10C_0h_map_c_b2,16.87022,19.74311,26.7172,27.21698,21.13377,13.99865,14.61772,25.91206,8.218118,7.233736,4.706209,4.745904,5.697042,5.074521,5.183692,5.291145,
10C_0h_map_d_b2,19.45892,21.35374,30.07837,30.5626,23.48347,16.54516,16.36271,27.66299,9.282351,7.446799,6.832676,5.542423,5.709454,8.83414,7.458239,9.159993,
10C_120h_map_a_b2,16.87553,18.51749,28.48594,28.93634,24.33515,16.40757,14.998,23.05557,8.502598,7.244792,7.969818,7.518059,7.843759,7.322582,7.030607,7.306593,
10C_120h_map_b_b2,16.87553,18.51749,28.48594,28.93634,24.33515,16.40757,14.998,23.05557,8.502598,7.244792,7.969818,7.518059,7.843759,7.322582,7.030607,7.306593,
10C_120h_map_c_b2,17.77219,19.53801,31.11243,32.03748,26.24251,18.15952,17.18221,26.51438,8.400534,7.088852,8.79879,8.269273,7.436022,6.792641,6.663432,8.023502,
10C_120h_map_d_b2,17.77219,19.53801,31.11243,32.03748,26.24251,18.15952,17.18221,26.51438,8.400534,7.088852,8.79879,8.269273,7.436022,6.792641,6.663432,8.023502,
10C_24h_map_a_b2,17.61603,19.13601,26.68421,26.55558,20.83439,13.73764,13.34726,23.11684,8.773792,7.723138,6.571988,6.712162,6.281429,5.194113,5.299342,6.445626,
10C_24h_map_b_b2,18.73256,20.32823,26.66485,27.48168,22.15723,15.22553,14.91073,26.73507,8.615467,7.675064,6.298131,5.941246,5.706159,6.102054,6.047904,7.548743,
10C_24h_map_c_b2,17.10483,18.34157,26.94016,26.73728,21.4283,14.37164,13.91139,23.27893,8.680772,7.549339,7.753252,7.769314,8.358898,6.77424,5.694456,7.244596,
10C_24h_map_d_b2,16.85477,17.8124,25.3025,26.0205,21.2674,14.2999,15.23819,24.49029,8.847271,7.244659,6.577823,7.050687,6.422643,5.456952,5.914492,7.719395,
10C_48h_map_a_b2,15.49808,19.2009,27.20098,28.77667,23.02514,15.21532,15.5168,26.37037,7.664077,7.661311,5.988719,6.893909,6.997472,5.27932,6.093786,7.328449,
10C_48h_map_b_b2,13.99203,17.82038,24.49918,24.47148,19.07829,12.24269,12.04911,20.56651,7.803024,7.502562,5.567034,5.967934,7.041388,5.208337,7.223741,6.992374,
10C_48h_map_c_b2,13.18502,15.90239,27.79979,28.23479,21.9655,14.72452,14.38473,23.66865,8.11254,7.318885,9.123236,9.901529,9.666677,7.488882,7.221873,8.787689,
5C_0h_map_a_b2,17.09361,20.09486,28.12471,28.32738,21.98859,14.85091,14.35485,25.76868,8.632087,8.064189,7.897113,8.002168,8.587272,6.878211,6.453568,6.98958,
5C_0h_map_b_b2,16.96207,18.8691,27.41543,28.16643,22.60921,14.74367,14.45942,26.88505,8.412554,7.66712,7.842641,7.837585,7.46976,5.538127,5.713097,7.53771,
5C_0h_map_c_b2,17.43468,19.83113,28.06474,28.57197,22.37672,15.03775,14.61172,26.36218,9.117089,7.72626,8.111801,8.292288,7.938206,6.017324,5.306953,6.238367,
5C_0h_map_d_b2,15.64076,18.77644,23.33102,23.7428,19.4579,12.78492,12.50325,25.18709,8.728776,8.05583,5.714396,5.34841,6.634389,6.920564,5.749157,8.668224,
5C_120h_map_a_b2,17.1278,17.73155,27.3389,28.02168,22.79094,15.68527,16.0103,23.4831,8.435719,6.888354,8.039007,8.647048,8.731812,7.198998,6.68032,7.473965,
5C_120h_map_b_b2,16.1975,17.7901,25.36992,26.4281,20.60268,13.37629,14.06298,22.43708,8.074541,7.400716,7.020237,6.184895,6.047692,4.689357,4.952551,7.717086,
5C_120h_map_c_b2,18.78541,20.47212,31.73576,32.97845,26.78141,17.88983,18.76721,28.26053,7.761449,7.367241,6.604801,6.165622,6.086105,5.034553,4.946576,7.086292,
5C_120h_map_d_b2,19.11549,21.38166,33.20852,35.19327,29.37838,20.10519,20.44369,30.72732,7.623213,7.005839,7.571594,7.614004,7.864357,7.343196,6.34157,7.002383,
5C_144h_map_a_b2,18.44467,18.96426,27.21198,27.961,22.11923,15.03447,14.6883,22.24471,9.465958,7.248403,8.44438,8.688066,8.048914,6.593647,7.038831,8.188756,
5C_144h_map_b_b2,17.30177,18.02988,26.54352,27.89493,21.92454,14.66467,13.68683,22.96595,8.172059,7.231154,7.346909,7.309278,6.834115,6.629938,6.147781,6.918077,
5C_144h_map_c_b2,13.61374,14.58381,21.11692,21.674,17.75895,11.6229,10.93345,18.42161,7.723911,7.099944,6.789917,7.098634,7.568196,6.168176,5.285002,6.34255,
5C_144h_map_d_b2,16.26722,18.39717,26.50399,26.59712,20.36589,13.45526,13.59607,21.03033,8.520536,7.004319,6.63228,7.588861,8.933881,5.864037,6.437367,6.829179,
5C_144h_map_e_b2,18.43279,19.41532,27.41038,28.00478,22.64989,15.48895,15.97643,27.43394,8.496625,6.498255,5.579122,5.527618,4.90739,7.523932,7.042646,6.466505,
5C_144h_map_f_b2,17.7873,19.09313,28.17746,29.49087,23.35604,15.45161,15.95133,25.98032,8.472678,7.201355,6.634965,6.978282,6.068213,6.06565,7.239707,7.708166,
5C_144h_map_g_b2,17.78404,18.98969,25.68447,28.0369,22.37971,14.33619,14.29599,24.94374,8.074751,7.544718,6.201487,6.213315,6.923609,5.503179,7.639588,8.349847,
5C_144h_map_h_b2,18.65695,20.47331,31.48112,31.579,26.32936,18.01804,16.94932,26.27804,8.139951,7.135568,10.18053,10.50729,11.0364,8.987165,8.689698,12.05562,
5C_216h_map_a_b2,17.82717,19.8845,25.59452,26.79788,19.81141,12.56296,13.71242,23.069,8.729508,7.016585,6.220997,6.397268,4.304294,3.335838,4.06811,6.396694,
5C_216h_map_b_b2,17.31963,19.35031,25.21261,26.30745,19.77534,12.66719,13.05818,22.13982,7.32965,6.977111,4.575423,4.909231,3.753316,2.567931,2.852666,4.320954,
5C_216h_map_c_b2,16.52131,19.08169,24.46606,26.26138,20.25315,13.19975,14.33967,23.12095,7.788848,7.771286,6.024278,6.897568,5.575363,3.604279,4.163531,6.25467,
5C_216h_map_d_b2,14.8236,16.50566,22.24412,23.17036,18.26396,11.98832,12.61345,20.20412,7.733962,6.195987,4.604528,4.519554,3.232018,2.45042,2.857069,4.17812,
5C_24h_map_a_b2,18.18029,20.50461,28.61808,29.4263,23.13711,15.62591,15.36626,26.95092,9.046344,7.302332,8.030833,8.444495,8.003873,6.562605,7.239848,8.398721,
5C_24h_map_b_b2,19.20704,21.64211,29.02584,28.91095,22.30601,14.63854,14.66159,25.85426,8.924748,7.43433,6.655472,6.690978,6.624651,5.08297,5.736376,7.110978,
5C_24h_map_c_b2,17.81318,18.6447,27.64972,27.51681,21.80918,14.82275,13.76478,22.97176,9.081439,7.122766,7.830295,7.734474,7.560599,7.111562,6.994462,7.162539,
5C_24h_map_d_b2,18.26056,18.50722,28.98808,29.82481,23.69796,15.88333,15.96928,25.58572,9.899127,7.721733,8.550112,8.487047,7.416523,6.188136,5.636141,7.101896,
5C_48h_map_a_b2,17.49902,21.6336,32.84672,32.49731,25.4656,17.56815,15.90548,27.72173,8.046635,6.672565,7.237623,6.885834,6.438828,6.040755,4.816899,6.939824,
5C_48h_map_b_b2,16.33109,19.69635,29.54487,30.3751,24.62685,15.80825,15.60659,27.56265,7.87249,7.224631,5.830751,6.547822,8.596006,4.761952,5.361812,7.854986,
5C_48h_map_c_b2,14.05701,16.81495,26.49709,26.80154,21.46365,14.14935,14.10452,23.61768,8.119076,6.974804,7.106638,6.534948,6.32165,5.573264,4.777582,5.667543,
