Sample_ID,Mean 01,Mean 02,Mean 03,Mean 04,Mean 05,Mean 06,Mean 07,Mean 08,Mean 09,Mean 10,Mean 11,Mean 12,Mean 13,Mean 14,Mean 15,Mean 16,Mean 17,Mean 18,StdDev 01,StdDev 02,StdDev 03,StdDev 04,StdDev 05,StdDev 06,StdDev 07,StdDev 08,StdDev 09,StdDev 10,StdDev 11,StdDev 12,StdDev 13,StdDev 14,StdDev 15,StdDev 16,StdDev 17,StdDev 18,Group Label
0b_100p_c1_b1_a,13.30418,17.13894,20.13627,24.05184,27.77406,27.82927,31.98661,36.07747,40.2001,40.96824,41.90615,57.22602,71.98871,72.05915,71.82921,67.21396,66.46694,60.79524,2.055594,2.950278,3.423929,3.861137,4.044262,4.030779,4.237272,4.417204,4.359499,4.330311,4.386929,4.803359,5.554868,5.58888,5.692706,5.081326,5.139307,4.73156,0
0b_100p_c1_b1_b,12.53643,15.97541,18.71936,22.37202,26.10916,26.2142,30.41607,34.40415,38.48373,39.32127,40.24492,55.6326,71.12595,71.23978,70.99832,66.39629,65.57351,59.82179,1.93259,2.797134,3.26419,3.731456,4.085742,4.108131,4.347265,4.465793,4.332135,4.270987,4.293317,4.60625,5.358288,5.403528,5.519835,4.929806,4.975088,4.56272,0
0b_100p_c1_b1_c,11.96013,15.7065,18.64797,22.4275,25.5247,25.41389,29.4542,33.65498,38.01273,38.85616,39.86153,55.93444,71.03926,71.1538,70.92665,66.36636,65.58437,59.91879,1.757641,2.666421,3.167422,3.651095,3.911487,3.913072,4.15253,4.279185,4.187501,4.154068,4.180592,4.567983,5.395081,5.445931,5.528122,4.903513,4.938015,4.472109,0
0b_100p_c1_b1_d,13.41793,17.57868,20.75677,24.78424,28.20703,28.16007,32.30273,36.36522,40.42493,41.16324,42.0646,57.47276,71.96983,72.02933,71.75331,67.02372,66.25655,60.56374,2.30378,3.236724,3.745195,4.210772,4.325212,4.280494,4.47859,4.65756,4.589318,4.554679,4.60844,4.999882,5.676297,5.715863,5.82561,5.18267,5.235198,4.789273,0
0b_100p_c1_b1_e,12.61906,16.37952,19.31165,23.11891,26.52646,26.50193,30.56155,34.57002,38.63691,39.42772,40.35834,55.88158,71.23338,71.34212,71.11502,66.50481,65.7273,60.04782,2.002637,2.863014,3.327535,3.790764,4.141515,4.151802,4.390356,4.604815,4.593026,4.589248,4.653639,4.840269,5.281837,5.328476,5.422164,4.807855,4.855847,4.445525,0
100b_0p_c1_b1_a,6.858998,6.949905,7.47107,8.346735,9.393222,9.378581,11.2435,12.52175,14.51629,15.11183,15.36493,25.73207,46.02472,46.69635,47.10572,46.5857,46.29261,44.50908,0.8629642,1.094423,1.347737,1.748535,2.238231,2.280574,2.772258,3.197686,3.331796,3.324765,3.370512,4.299697,5.100925,5.096489,5.164231,4.730352,4.785266,4.55178,100
100b_0p_c1_b1_b,6.781351,6.523978,6.807191,7.329449,7.969793,7.935534,9.485622,10.50203,12.45445,13.10822,13.38617,23.40674,42.46383,43.16636,43.59297,43.46139,43.1638,41.6364,0.7530973,0.9055644,1.105147,1.430446,1.823767,1.852234,2.316085,2.82394,3.021252,3.011147,3.071317,4.405348,5.211283,5.176519,5.177568,4.678814,4.724628,4.43873,100
100b_0p_c1_b1_c,6.863168,6.74333,7.132643,7.789364,8.410634,8.331882,9.894382,11.00891,13.00974,13.65753,13.94931,24.37714,43.46126,44.11426,44.47037,44.14691,43.8379,42.16384,0.7344784,0.9688136,1.237544,1.653253,2.067262,2.079134,2.588908,3.12183,3.281206,3.244275,3.304988,4.414938,5.175973,5.120916,5.122916,4.619685,4.666916,4.354035,100
100b_0p_c1_b1_d,6.845212,6.902133,7.436897,8.321113,9.15366,9.05783,10.75815,12.04609,14.09677,14.69269,14.97395,25.67905,45.19116,45.7714,46.06883,45.52155,45.21617,43.40945,0.8162621,1.032657,1.286575,1.695112,2.100505,2.10774,2.565887,3.05197,3.224537,3.217838,3.278892,4.350408,5.017715,4.987098,5.0253,4.531676,4.564787,4.244575,100
100b_0p_c1_b1_e,6.792265,6.990712,7.653624,8.730577,9.69789,9.587512,11.49856,13.01906,15.16982,15.76496,16.05227,27.19418,47.27431,47.8153,48.10889,47.43523,47.17056,45.3724,0.7684401,0.9727635,1.205165,1.559714,1.902622,1.908508,2.269175,2.702266,2.894784,2.908885,2.979157,4.054551,4.411668,4.410936,4.459065,4.057835,4.103346,3.863389,100
20b_80p_c1_b1_a,8.654202,10.74158,12.68485,15.33197,17.47403,17.35606,20.64655,23.84044,27.3365,28.04718,28.757,43.80911,62.80106,63.17616,63.28847,60.24733,59.68715,55.47182,1.490491,2.443452,3.087255,3.82368,4.25898,4.220559,4.61708,5.070694,5.267352,5.238741,5.339499,5.793794,5.357971,5.364206,5.422652,4.807575,4.83443,4.374109,20
20b_80p_c1_b1_b,8.843187,10.6196,12.32545,14.7111,17.02681,17.03182,20.28434,23.22988,26.52666,27.22432,27.872,42.31124,61.66818,62.13645,62.33279,59.42374,58.83339,54.61492,1.446406,2.335444,2.91731,3.637522,4.269528,4.302236,4.811652,5.300353,5.506351,5.461936,5.547826,6.250881,5.885715,5.859434,5.871441,5.179494,5.203012,4.694895,20
20b_80p_c1_b1_c,8.633166,10.35287,12.06377,14.45804,16.58055,16.49945,19.61802,22.70865,26.2497,26.97075,27.67446,42.65121,61.23122,61.71462,61.91177,59.02388,58.41157,54.13854,1.312707,2.32824,2.985739,3.738356,4.259092,4.250774,4.763931,5.078581,4.980582,4.882834,4.923875,5.421804,5.438027,5.413517,5.452539,4.853534,4.904319,4.502651,20
20b_80p_c1_b1_d,9.177155,11.28601,13.18264,15.80107,18.23953,18.22409,21.49513,24.37802,27.45698,28.05606,28.64442,42.88949,62.10975,62.54963,62.73868,59.86435,59.32191,55.22001,1.379483,2.227646,2.75725,3.384162,3.916339,3.938233,4.329675,4.723015,4.862017,4.822806,4.896388,5.345267,5.039373,5.041342,5.085579,4.521651,4.556573,4.163546,20
20b_80p_c1_b1_e,9.665059,11.9705,13.98095,16.74239,19.40948,19.42291,22.82933,25.77263,28.8413,29.44989,30.03812,43.95998,62.72068,63.13888,63.30279,60.3118,59.76179,55.58844,1.562398,2.497155,3.080664,3.756316,4.31969,4.332901,4.776202,5.183447,5.288293,5.242298,5.322221,5.849748,5.42497,5.416808,5.458897,4.823112,4.845007,4.374383,20
40b_60p_c1_b1_a,8.014172,9.240438,10.57022,12.5254,14.49986,14.49785,17.30208,19.6212,22.2697,22.83666,23.27371,36.16284,56.67892,57.22873,57.52188,55.51443,55.08783,51.87117,1.099408,1.72419,2.158478,2.716724,3.240789,3.275285,3.702859,4.118467,4.294656,4.262026,4.342415,5.127729,5.042455,5.060793,5.122652,4.58627,4.620204,4.219494,40
40b_60p_c1_b1_b,8.447163,9.721297,11.0528,13.02165,15.34303,15.45014,18.46655,20.78129,23.40117,23.99295,24.41872,36.99051,57.36731,57.95992,58.26979,56.16667,55.74571,52.47755,1.29041,1.857117,2.266538,2.806382,3.373413,3.413066,3.805929,4.171616,4.29357,4.277713,4.361162,4.932803,4.90728,4.930256,5.013652,4.510058,4.564288,4.212786,40
40b_60p_c1_b1_c,7.923938,9.224403,10.62157,12.61181,14.38314,14.30639,17.12983,19.60948,22.36852,22.96615,23.43391,36.68072,56.81209,57.36317,57.65165,55.61047,55.18959,51.92619,1.112151,1.806004,2.30666,2.936419,3.393269,3.374146,3.808173,4.28598,4.48912,4.456943,4.539972,5.267206,4.931034,4.924162,4.971311,4.416269,4.46693,4.062447,40
40b_60p_c1_b1_d,8.370207,9.875482,11.3959,13.56095,15.60583,15.56376,18.35982,20.71323,23.32388,23.86289,24.27507,37.15069,57.19303,57.71741,58.00773,55.99136,55.60275,52.46421,1.311239,1.941124,2.388553,2.954651,3.49884,3.528404,3.954626,4.405398,4.612412,4.595634,4.697372,5.494512,5.062716,5.054557,5.10351,4.547191,4.564431,4.130497,40
40b_60p_c1_b1_e,8.117298,9.717864,11.34533,13.64692,15.53388,15.41979,18.31973,20.93174,23.77735,24.32485,24.80405,38.276,57.94536,58.3994,58.6364,56.4601,56.04729,52.77864,1.191012,1.956161,2.48705,3.137101,3.635284,3.638492,4.14937,4.687534,4.954935,4.925167,5.031531,5.876312,5.404325,5.401897,5.453889,4.880322,4.911379,4.520157,40
60b_40p_c1_b1_a,7.450861,8.531749,9.813876,11.69158,13.08025,12.90382,15.35315,17.71834,20.46554,21.06445,21.52959,34.55281,54.00561,54.43282,54.6501,53.11267,52.79188,50.21323,1.07795,1.777571,2.293728,2.951597,3.418073,3.402618,3.888152,4.437084,4.696812,4.670941,4.773215,5.596123,5.220026,5.231013,5.303409,4.788247,4.823037,4.490012,60
60b_40p_c1_b1_b,7.927179,9.117288,10.37899,12.26783,14.39572,14.45209,17.27253,19.43635,21.87428,22.43448,22.81855,34.97636,55.13882,55.69485,56.00544,54.35807,54.0077,51.24487,0.9794196,1.442911,1.798324,2.281335,2.804599,2.85021,3.256984,3.663683,3.82924,3.817132,3.897091,4.634429,4.599654,4.607078,4.668922,4.193482,4.226353,3.883554,60
60b_40p_c1_b1_c,7.296709,8.36138,9.623746,11.46539,12.87204,12.7081,15.1517,17.436,20.07199,20.64158,21.08088,34.077,54.02577,54.50501,54.7645,53.22229,52.86431,50.20665,0.9303557,1.536711,1.989228,2.571389,2.984986,2.968806,3.397359,3.8717,4.079542,4.065763,4.151221,4.94886,4.604771,4.609866,4.672989,4.196692,4.231223,3.905715,60
60b_40p_c1_b1_d,7.691539,8.987478,10.31925,12.29035,14.3647,14.38744,17.20643,19.46743,21.98255,22.55673,22.97348,35.25882,54.90625,55.40986,55.68967,54.01926,53.64962,50.85592,1.093806,1.639035,2.037646,2.573263,3.119929,3.156094,3.588548,4.01889,4.19076,4.178826,4.268389,5.286464,5.496883,5.500824,5.557899,4.991147,5.018727,4.586184,60
60b_40p_c1_b1_e,7.689089,9.015969,10.43249,12.49521,14.23824,14.12948,16.80072,19.1727,21.80475,22.35869,22.79113,35.52507,54.70387,55.12767,55.3294,53.5953,53.23683,50.43347,1.092615,1.657388,2.09444,2.663024,3.127642,3.132516,3.587665,4.07544,4.292963,4.280473,4.385403,5.256103,4.793565,4.781286,4.839154,4.333762,4.384963,4.06875,60
80b_20p_c1_b1_a,7.060387,7.631026,8.507631,9.852677,11.23452,11.19559,13.46144,15.13358,17.30712,17.8686,18.1529,29.28321,50.07772,50.66727,51.06349,50.17381,49.89974,47.85678,0.9593871,1.270848,1.569842,2.004863,2.460482,2.48969,2.935916,3.400191,3.657842,3.67533,3.791301,4.999114,4.809858,4.792284,4.834974,4.340161,4.36484,4.017966,80
80b_20p_c1_b1_b,7.070374,7.642167,8.471836,9.771972,11.36545,11.40939,13.81371,15.43647,17.53397,18.10574,18.37127,29.18817,50.0724,50.72108,51.14035,50.19733,49.90269,47.73781,0.9058849,1.235161,1.518485,1.925102,2.421959,2.46261,2.90673,3.33509,3.51149,3.516222,3.606,4.679393,4.98244,4.993186,5.06681,4.612993,4.657557,4.335742,80
80b_20p_c1_b1_c,7.213427,7.994723,8.972973,10.46635,11.99876,11.9755,14.38771,16.13036,18.30658,18.86147,19.1508,30.40551,50.83427,51.4077,51.78091,50.74375,50.45816,48.29123,0.923817,1.29573,1.608728,2.043349,2.435385,2.446167,2.826031,3.242557,3.430498,3.438141,3.532569,4.615633,4.708528,4.71233,4.783917,4.320125,4.359067,4.042794,80
80b_20p_c1_b1_d,7.40672,8.211736,9.26741,10.85492,12.34153,12.26813,14.65879,16.55045,18.8552,19.43022,19.7396,31.41826,52.02682,52.55907,52.89631,51.70839,51.42206,49.14785,0.9905909,1.361066,1.693781,2.170302,2.608121,2.621306,3.037869,3.463899,3.670511,3.664956,3.759412,4.785532,4.699045,4.691394,4.754117,4.280247,4.325099,4.019111,80
80b_20p_c1_b1_e,6.844196,7.50663,8.453219,9.886332,11.09401,10.9663,13.16567,15.02568,17.32513,17.90655,18.24404,29.91022,50.61453,51.14194,51.4766,50.42833,50.11272,47.89448,0.8914642,1.296531,1.658156,2.160396,2.582807,2.584574,3.041137,3.548409,3.82513,3.849242,3.96714,5.1971,4.764617,4.745012,4.787538,4.308213,4.334542,4.018426,80
0b_100p_c1_b2_a,7.282444,7.336636,8.093969,9.448112,10.89449,10.78117,13.1579,16.34467,21.26921,22.58994,23.49782,38.16828,59.98085,60.64547,60.94701,57.81289,57.00714,52.43435,0.9136628,1.146917,1.422817,1.836299,2.23477,2.241925,2.504403,3.018517,3.709315,3.899843,4.063138,4.619936,5.25521,5.326871,5.439237,4.867733,4.883278,4.43443,0
0b_100p_c1_b2_b,7.602497,7.472753,8.104259,9.33287,11.16765,11.20247,13.58047,16.71101,21.84855,23.22109,24.0273,37.26433,59.1073,59.91362,60.34842,57.32281,56.48873,51.8994,0.8899754,1.073979,1.299299,1.660676,2.096201,2.124798,2.36512,2.835636,3.521203,3.696831,3.84821,4.416841,5.058701,5.143453,5.270712,4.71583,4.727608,4.25056,0
0b_100p_c1_b2_c,7.397707,7.612814,8.496758,10.01847,11.57513,11.45111,13.96674,17.28224,22.28598,23.56406,24.46434,39.52489,61.18447,61.83451,62.1501,58.95903,58.16961,53.5797,0.9093995,1.137406,1.435681,1.863437,2.213195,2.199448,2.474782,2.940105,3.514106,3.670701,3.834291,4.270514,4.84047,4.915812,5.034131,4.483193,4.491743,4.044681,0
100b_0p_c1_b2_a,6.968737,6.183832,6.147655,6.265389,6.365087,6.203565,6.791289,7.87727,11.05254,12.13107,12.54128,21.69168,40.90932,42.31171,43.84077,44.59465,44.18406,42.51465,1.040852,1.02394,1.090161,1.255229,1.426963,1.410452,1.539258,2.24533,3.296208,3.579309,3.830112,5.505026,5.003217,5.08493,5.322516,5.016167,5.025582,4.694422,100
100b_0p_c1_b2_b,6.86693,6.114363,6.062377,6.121797,6.196491,6.064239,6.67999,7.506254,10.17564,11.13857,11.46089,20.14059,39.80381,41.26611,42.86923,43.91374,43.57204,42.23949,0.8846152,0.8899891,0.9627895,1.124115,1.295548,1.288238,1.442839,2.024909,2.813371,3.036117,3.237894,4.642793,4.200564,4.282807,4.507241,4.320078,4.349757,4.124842,100
100b_0p_c1_b2_c,6.595808,5.892245,5.850352,5.906592,5.942549,5.801884,6.400703,7.103004,9.456969,10.32299,10.61457,19.12736,40.14167,41.48543,42.91992,43.76135,43.38027,41.88779,0.8364309,0.8697122,0.9536273,1.1244,1.29718,1.290596,1.465409,2.049144,2.821358,3.047709,3.286572,4.891332,4.137621,4.205121,4.382781,4.112027,4.112693,3.826653,100
10b_90p_c1_b2_a,7.389863,7.684417,8.580057,10.08835,11.6973,11.60436,14.02726,17.05315,21.48368,22.62391,23.4131,37.64396,58.81667,59.51344,59.91998,57.18764,56.46434,52.31445,0.9119953,1.212383,1.587424,2.116068,2.577223,2.586493,2.967185,3.476654,4.013499,4.127628,4.282854,5.10227,5.625982,5.694929,5.815339,5.217045,5.228958,4.746212,10
10b_90p_c1_b2_b,7.441383,7.795887,8.148709,9.377173,10.92647,10.89421,13.17218,15.80632,19.88751,21.00309,21.6735,34.65376,56.72895,57.57463,58.12836,55.73483,55.02828,51.13836,0.9539676,1.233273,1.491173,1.948343,2.464352,2.498411,2.916719,3.436038,4.058271,4.208612,4.387175,5.161179,5.000424,5.047308,5.14232,4.630381,4.654716,4.307427,10
10b_90p_c1_b2_c,7.636762,7.939667,8.880396,10.47935,12.24101,12.1732,14.70655,17.86975,22.45971,23.61581,24.43621,38.91893,60.15758,60.87545,61.28191,58.29525,57.53743,53.11658,0.9704357,1.237652,1.558837,2.00315,2.392423,2.399015,2.714664,3.09725,3.476887,3.573796,3.712376,4.260635,4.646628,4.718414,4.839427,4.374922,4.391767,4.039636,10
20b_80p_c1_b2_a,7.13078,6.991066,7.533259,8.535248,9.617238,9.507185,11.43792,13.88766,17.78179,18.89281,19.57354,32.93224,55.36137,56.2208,56.76525,54.65036,54.01077,50.29924,0.9185846,1.059856,1.318594,1.732649,2.086147,2.076186,2.375255,2.960339,3.618487,3.77508,3.952851,4.967067,5.352321,5.412866,5.528598,4.985824,5.015042,4.56994,20
20b_80p_c1_b2_b,7.312299,6.999927,7.459585,8.369442,9.539888,9.482741,11.41825,13.76198,17.63632,18.78571,19.44604,32.26899,54.81317,55.81295,56.53499,54.56037,53.90878,50.19586,0.9534147,1.139571,1.388955,1.801787,2.250075,2.266794,2.629351,3.186764,3.785936,3.914484,4.08439,4.931885,4.930298,4.973498,5.078344,4.533396,4.545499,4.09811,20
20b_80p_c1_b2_c,7.084396,7.000145,7.601023,8.673744,9.690136,9.540246,11.50216,13.98417,17.84614,18.94651,19.64028,33.39939,56.34868,57.19841,57.78358,55.54423,54.88046,51.00893,0.9359313,1.171595,1.480761,1.945926,2.329127,2.312236,2.637603,3.267873,4.0252,4.204342,4.416332,5.31593,4.733924,4.761847,4.848241,4.343854,4.370616,3.956817,20
30b_70p_c1_b2_a,7.183011,7.09022,7.66394,8.709108,9.791638,9.679324,11.63758,13.94525,17.43454,18.42344,19.018,32.18066,55.13414,55.99301,56.57739,54.5917,54.01057,50.49499,0.9682944,1.106536,1.367313,1.786429,2.162669,2.160256,2.49903,2.986985,3.449181,3.558476,3.726531,4.628963,4.560616,4.601388,4.700179,4.254469,4.289645,3.986988,30
30b_70p_c1_b2_b,7.105678,6.795696,7.188751,7.987718,8.948502,8.860818,10.63632,12.79354,16.35578,17.39978,17.98841,30.59771,52.99319,53.95328,54.62996,52.87599,52.24944,48.80257,0.9776419,1.104828,1.313833,1.678751,2.092024,2.104702,2.441036,2.965242,3.53014,3.664918,3.844044,4.727271,4.606494,4.66273,4.788745,4.33014,4.362061,4.040512,30
30b_70p_c1_b2_c,6.971797,6.844737,7.371878,8.32449,9.24144,9.103902,10.95837,13.11263,16.37897,17.3196,17.8703,30.87058,54.32699,55.21706,55.83903,54.00725,53.42263,49.99616,0.9079452,1.108482,1.395711,1.844738,2.204293,2.190049,2.525706,3.108084,3.68538,3.794358,3.978489,4.967598,4.515861,4.561031,4.65889,4.193987,4.221424,3.893265,30
40b_60p_c1_b2_a,6.741833,6.274722,6.491838,6.994927,7.562129,7.449701,8.793732,10.39475,13.44374,14.42595,14.90262,26.18085,48.69498,49.79355,50.71453,49.80533,49.22816,46.42913,0.908224,0.9642782,1.125175,1.435625,1.770329,1.7738,2.11325,2.717937,3.372775,3.529152,3.713881,4.98317,4.869924,4.935353,5.058991,4.61955,4.632232,4.277504,40
40b_60p_c1_b2_b,6.710656,6.203948,6.36764,6.782893,7.34904,7.265671,8.583347,10.07852,13.06067,14.05113,14.48781,25.31704,48.30029,49.49855,50.51786,49.77244,49.22327,46.55219,0.8480276,0.9015987,1.018358,1.248973,1.514296,1.519698,1.746593,2.294545,3.010248,3.214176,3.425807,4.719468,4.327322,4.402211,4.558447,4.183722,4.188712,3.84675,40
40b_60p_c1_b2_c,6.696596,6.186907,6.37649,6.830297,7.261909,7.120912,8.388278,9.838316,12.65523,13.58706,14.02624,25.17498,49.16711,50.21914,51.11528,50.19391,49.64706,46.91903,0.9053577,0.9887406,1.146166,1.444206,1.741902,1.738953,2.027602,2.645368,3.411522,3.606356,3.838292,5.223417,4.431117,4.516609,4.679861,4.275194,4.279519,3.901802,40
50b_50p_c1_b2_a,6.923212,6.715518,7.147447,7.967152,8.949202,8.879574,10.68137,12.68594,16.02284,17.04143,17.5762,29.79511,52.73269,53.75349,54.56519,53.07993,52.49294,49.27099,1.001074,1.063788,1.25421,1.598356,1.969231,1.988179,2.356134,2.780612,3.123104,3.225678,3.378418,4.359808,4.890422,4.955267,5.077385,4.617767,4.639464,4.269325,50
50b_50p_c1_b2_b,7.069581,6.659849,6.956281,7.605253,8.512646,8.463855,10.10445,12.06397,15.70892,16.84127,17.41265,29.31757,51.41865,52.56719,53.52905,52.2173,51.58286,48.36071,0.8414838,0.9369445,1.107097,1.417301,1.810087,1.842936,2.223592,2.705499,3.262412,3.428464,3.59741,4.601357,4.958019,5.009697,5.106212,4.595842,4.613167,4.219672,50
50b_50p_c1_b2_c,6.904926,6.589746,6.955334,7.692555,8.488947,8.376451,10.01215,11.99045,15.42054,16.47413,17.02705,29.40448,52.74669,53.74445,54.538,53.00031,52.39606,49.13837,0.9373099,1.030268,1.2071,1.52898,1.849697,1.847314,2.123517,2.685391,3.465896,3.662917,3.882616,5.018567,4.422194,4.493468,4.615617,4.166278,4.17202,3.802444,50
60b_40p_c1_b2_a,6.901537,6.307111,6.417287,6.783076,7.185198,7.045515,8.15702,9.759001,13.15631,14.24484,14.74839,25.45362,47.87656,49.03177,50.03763,49.35699,48.83133,46.27601,0.950851,1.021015,1.17373,1.478148,1.805464,1.803821,2.126543,2.776031,3.616103,3.837415,4.078176,5.44096,5.109324,5.155219,5.28664,4.831381,4.852314,4.512033,60
60b_40p_c1_b2_b,6.845094,6.366952,6.544573,6.976941,7.564341,7.481982,8.832263,10.39913,13.48054,14.50184,14.96122,25.60284,47.945,49.12796,50.12411,49.45293,48.93578,46.42484,0.8986775,0.9454037,1.113451,1.446302,1.776727,1.781254,2.116494,2.671918,3.229827,3.377296,3.558067,4.795043,4.577234,4.61176,4.73551,4.338137,4.362156,4.049701,60
60b_40p_c1_b2_c,6.788299,6.442028,6.721216,7.303023,8.074606,8.0086,9.605277,11.16634,13.86815,14.76034,15.14413,26.03618,49.87421,50.95574,51.86368,50.92894,50.42385,47.79678,0.881959,0.9537188,1.107898,1.398635,1.73046,1.745819,2.046822,2.541288,3.079825,3.218172,3.397722,4.617245,4.286935,4.366703,4.518966,4.128196,4.153739,3.850084,60
70b_30p_c1_b2_a,6.789644,6.288245,6.502163,7.002356,7.516943,7.37904,8.697018,10.25978,13.25009,14.22932,14.6992,26.01432,48.9032,50.04916,51.11751,50.37624,49.85832,47.23826,1.029336,1.063342,1.189029,1.451626,1.741208,1.743085,2.051264,2.641245,3.327995,3.510648,3.737858,5.234518,4.765341,4.82105,4.98147,4.551856,4.549306,4.141536,70
70b_30p_c1_b2_b,6.813555,6.274654,6.423213,6.822269,7.348604,7.25648,8.476814,9.901029,12.87737,13.86929,14.31311,24.9388,46.86435,48.12813,49.33403,48.96916,48.46384,46.08183,0.9255155,0.9680383,1.08918,1.332672,1.605398,1.609246,1.859575,2.417167,3.188874,3.407505,3.627994,5.026495,4.311396,4.375796,4.544904,4.19267,4.198975,3.866104,70
70b_30p_c1_b2_c,6.630723,6.168851,6.370245,6.826685,7.255486,7.116226,8.349616,9.701792,12.29336,13.16049,13.53516,24.27875,48.05556,49.15579,50.15548,49.48849,48.96455,46.4305,0.9380212,0.982027,1.115314,1.37876,1.64505,1.643854,1.921167,2.479096,3.140918,3.310253,3.533481,5.115574,4.346321,4.422225,4.581649,4.187926,4.207175,3.872984,70
80b_20p_c1_b2_a,7.190606,6.582865,6.744943,7.184348,7.543326,7.374523,8.538162,10.16087,13.49547,14.53703,15.11665,27.80407,48.35125,49.34682,50.32769,49.60005,49.03594,46.26347,1.023586,0.9965867,1.087935,1.295216,1.476219,1.466468,1.665048,2.100514,2.748125,2.946675,3.149779,4.465975,4.289313,4.379307,4.577634,4.257257,4.275329,3.992961,80
80b_20p_c1_b2_b,7.084785,6.592067,6.831935,7.353458,7.813766,7.663921,8.976662,10.50988,13.49504,14.44505,14.94112,27.21732,48.27713,49.31175,50.34248,49.74273,49.21854,46.58155,0.9528859,0.9328589,1.061173,1.301367,1.501321,1.496067,1.745819,2.099162,2.482028,2.617876,2.781534,4.043257,4.235402,4.338482,4.533201,4.221992,4.24345,3.960582,80
80b_20p_c1_b2_c,7.003478,6.431285,6.609812,7.058416,7.377768,7.205142,8.407948,9.933441,12.92515,13.89816,14.44433,26.98345,48.56164,49.56099,50.5659,49.86839,49.3117,46.56049,0.8900775,0.948416,1.089842,1.33117,1.509458,1.496181,1.694258,2.101078,2.582299,2.725324,2.909671,4.356478,4.076243,4.167095,4.376741,4.061266,4.058903,3.732476,80
90b_10p_c1_b2_a,6.809833,6.320589,6.543532,7.054193,7.404737,7.22724,8.415658,9.957985,12.91152,13.85489,14.38329,26.77912,47.73702,48.6841,49.64159,48.95821,48.36366,45.57857,0.9468697,0.996313,1.153682,1.444955,1.688163,1.68158,1.965832,2.48552,3.054524,3.193957,3.403596,5.217603,4.87876,4.957698,5.141932,4.727129,4.727193,4.325797,90
90b_10p_c1_b2_b,7.024316,6.613851,6.898858,7.500643,7.980301,7.821434,9.170986,10.70534,13.51534,14.39503,14.8845,27.13437,47.77274,48.703,49.62065,48.9799,48.42714,45.78029,0.9066049,0.9099368,1.059591,1.344448,1.597398,1.593685,1.887432,2.294397,2.571336,2.662479,2.810954,4.143489,4.739886,4.795014,4.938236,4.566113,4.604606,4.32953,90
90b_10p_c1_b2_c,6.89572,6.465982,6.744256,7.307361,7.674208,7.489775,8.747216,10.32997,13.20758,14.14124,14.67375,27.1163,48.35133,49.23091,50.08135,49.31448,48.7555,46.07329,0.9298239,1.008461,1.224513,1.577886,1.808113,1.785598,2.067631,2.576879,3.025331,3.128637,3.299425,4.829255,4.780879,4.901196,5.114907,4.717217,4.718783,4.324449,90
0b_100p_c1_b3_a,7.500774,6.68616,6.647091,6.724789,7.320155,7.456605,9.626032,11.74041,15.61322,16.98527,17.57786,28.1452,50.60477,51.79129,52.69861,51.47347,50.96767,48.1952,0.9699578,1.009056,1.081275,1.239771,1.603235,1.714062,2.409933,2.876781,3.331615,3.503641,3.626585,4.448782,5.378791,5.466845,5.6775,5.345644,5.484803,5.596425,0
0b_100p_c1_b3_b,7.539483,6.787879,6.798888,6.979858,7.780568,7.963411,10.45722,12.7316,16.66311,18.03605,18.6621,29.70056,52.66248,53.81159,54.68102,53.17404,52.6453,49.64495,0.9618289,1.018176,1.107363,1.296846,1.758713,1.889617,2.673983,3.146173,3.564481,3.713602,3.823348,4.477076,5.357313,5.467876,5.683228,5.39006,5.539788,5.666146,0
0b_100p_c1_b3_c,7.743927,7.180413,7.352483,7.799049,8.933692,9.102281,11.6142,14.05398,18.174,19.47578,20.1402,31.99263,54.00521,55.06488,55.8409,53.9063,53.26922,49.75676,0.9029759,0.9603035,1.108405,1.416825,1.879527,1.941287,2.525931,2.976998,3.426716,3.551306,3.70454,4.52416,4.725674,4.790076,4.959107,4.59823,4.710607,4.714168,0
0b_100p_c1_b3_d,7.829722,7.610108,8.052033,8.905296,10.34965,10.4325,12.9718,15.72231,20.02644,21.21199,21.9295,34.96527,56.41228,57.31545,57.9599,55.5587,54.85554,50.86423,1.016926,1.201383,1.429013,1.80935,2.204512,2.216059,2.636904,3.042177,3.503026,3.632112,3.779419,4.536904,4.591057,4.674648,4.81743,4.355994,4.417062,4.208197,0
100b_0p_c1_b3_a,6.617075,5.873901,5.773522,5.731989,5.726036,5.637767,6.33283,6.922197,9.083385,9.965022,10.22847,17.57549,37.03078,38.31659,39.53831,40.53125,40.19033,39.20562,0.8856589,0.9553323,1.032009,1.171802,1.384593,1.415275,1.735253,2.279578,2.742642,2.896893,3.048645,4.297405,4.951138,4.977772,5.091741,4.760229,4.863454,4.917818,100
100b_0p_c1_b3_b,6.56209,5.796302,5.701595,5.670581,5.678455,5.594839,6.3185,6.925373,9.114708,10.0261,10.29633,17.72599,37.41902,38.70306,39.92593,40.78811,40.39931,39.20262,0.9552954,0.9944733,1.06408,1.200228,1.400406,1.426219,1.727864,2.252438,2.714849,2.875056,3.02266,4.171073,4.729864,4.793695,4.955499,4.707661,4.827658,4.950958,100
100b_0p_c1_b3_c,6.780737,5.995996,5.924351,5.943222,5.99035,5.887743,6.617906,7.29281,9.515749,10.35261,10.60205,18.52048,39.48862,40.72349,41.86542,42.24815,41.76109,40.09563,0.9014917,0.9506646,1.020613,1.166698,1.347831,1.359416,1.577086,2.094031,2.653967,2.828251,3.010286,4.417861,4.500504,4.52378,4.653521,4.245094,4.277054,4.045137,100
100b_0p_c1_b3_d,6.56117,5.825369,5.764792,5.794051,5.848577,5.753169,6.517664,7.139303,9.177976,9.941174,10.12705,17.57849,38.99433,40.20565,41.26135,41.6514,41.18383,39.61308,0.9762692,1.01934,1.096163,1.250594,1.452135,1.473133,1.74361,2.302325,2.872685,3.058842,3.253617,4.830873,4.727956,4.760463,4.873691,4.49332,4.542955,4.407001,100
20b_80p_c1_b3_a,7.119415,6.575702,6.777735,7.270349,8.21714,8.292892,10.47635,12.52878,15.63964,16.65243,17.16778,28.20558,50.78473,51.8688,52.67609,51.40834,50.89887,48.13616,1.019162,1.083417,1.22306,1.525473,2.016278,2.083429,2.661232,3.289411,3.716678,3.807254,3.947263,5.062274,5.601078,5.630165,5.759201,5.30542,5.392708,5.314477,20
20b_80p_c1_b3_b,7.344119,6.779167,6.999131,7.564056,8.531085,8.558109,10.63004,12.85826,16.3156,17.38932,17.96691,29.67627,51.83238,52.89217,53.68241,52.14909,51.57901,48.4758,1.024666,1.161089,1.337521,1.67839,2.131018,2.169451,2.645881,3.226435,3.642464,3.736746,3.873642,4.748559,5.251541,5.306999,5.463537,5.087498,5.203202,5.159967,20
20b_80p_c1_b3_c,7.395106,7.024327,7.365372,8.085015,9.282023,9.335797,11.5101,13.71417,16.95404,17.88011,18.40271,30.06012,52.29485,53.3351,54.09974,52.48829,51.89457,48.68974,0.957925,1.126258,1.333471,1.691247,2.193625,2.246277,2.739263,3.215807,3.465313,3.517699,3.631894,4.509633,5.041247,5.104247,5.250445,4.86191,4.960948,4.895902,20
20b_80p_c1_b3_d,7.273296,7.034735,7.527038,8.479089,9.763419,9.761143,12.14387,14.74201,18.30774,19.30444,19.93271,32.481,54.66867,55.59802,56.27152,54.32465,53.70792,50.24137,1.013117,1.201912,1.461932,1.922915,2.409014,2.409796,2.842527,3.479245,3.97423,4.063792,4.221907,5.247703,5.286779,5.306092,5.403488,4.885607,4.955785,4.729635,20
40b_60p_c1_b3_a,7.228502,6.490832,6.525897,6.76684,7.261477,7.241602,8.757784,10.48103,13.74125,14.87305,15.41134,26.04618,47.50135,48.64853,49.60447,48.84286,48.33292,45.81623,1.069557,1.122112,1.231102,1.47354,1.895094,1.960478,2.490188,3.094288,3.601096,3.735909,3.895005,4.997549,5.44989,5.501436,5.642765,5.248938,5.358699,5.323824,40
40b_60p_c1_b3_b,7.035147,6.432655,6.585694,6.996945,7.596772,7.530177,9.034745,10.91583,14.3974,15.51008,16.07759,27.35915,48.86481,49.97342,50.93837,49.93538,49.34033,46.46188,1.046978,1.148924,1.315885,1.636255,2.055566,2.078602,2.523033,3.223657,3.980255,4.170369,4.36901,5.603776,5.102563,5.113086,5.220493,4.738942,4.777385,4.522291,40
40b_60p_c1_b3_c,6.877108,6.397274,6.581054,7.019405,7.701612,7.675538,9.274263,10.94687,13.95304,14.86696,15.30697,26.08081,48.21823,49.32384,50.23963,49.2179,48.59301,45.6888,1.011319,1.085588,1.23927,1.533624,1.918604,1.944993,2.378948,3.001939,3.560008,3.704373,3.895555,5.259365,5.520747,5.550891,5.647614,5.135757,5.176415,4.856596,40
40b_60p_c1_b3_d,7.033397,6.512247,6.708088,7.189044,7.867123,7.821373,9.397696,11.20744,14.47878,15.47533,15.99108,27.23702,48.99656,50.0982,51.03751,49.94033,49.31841,46.34248,1.024542,1.122332,1.295612,1.624984,2.052483,2.079452,2.552136,3.267379,4.001242,4.171059,4.38353,5.77401,5.312133,5.312634,5.399519,4.831601,4.845794,4.459785,40
60b_40p_c1_b3_a,6.536647,6.233325,6.541304,7.152864,7.976641,7.935359,9.569132,11.20458,13.85023,14.62356,14.97456,25.32399,47.84313,48.8945,49.65652,48.63171,48.06191,45.26044,1.073263,1.196481,1.376533,1.700601,2.147159,2.189093,2.663705,3.271698,3.758423,3.872034,4.044619,5.429605,5.597755,5.615247,5.706507,5.151718,5.186078,4.829433,60
60b_40p_c1_b3_b,6.542629,6.143053,6.391651,6.918911,7.550968,7.472783,8.960871,10.51979,13.16227,13.95968,14.3232,24.60956,47.17492,48.2294,49.03373,48.13947,47.575,44.87549,0.983094,1.106913,1.284598,1.593929,1.931888,1.938557,2.282055,2.834876,3.258792,3.34825,3.523486,4.841392,4.910587,4.919481,5.002454,4.495123,4.524873,4.223424,60
60b_40p_c1_b3_c,6.840507,6.561971,6.937066,7.669281,8.571851,8.501575,10.09477,11.81723,14.53649,15.28374,15.65742,26.42699,48.46843,49.47965,50.20856,49.0189,48.40819,45.41187,1.043274,1.212946,1.431803,1.800351,2.207587,2.22153,2.59044,3.109833,3.460606,3.529122,3.670294,4.909423,4.970098,4.986123,5.074957,4.560201,4.597437,4.254591,60
60b_40p_c1_b3_d,6.476443,6.183479,6.523511,7.185542,7.885302,7.770737,9.212245,10.77012,13.23902,13.92438,14.22631,24.41937,47.41032,48.39407,49.10979,48.10622,47.52356,44.75345,1.028615,1.188264,1.414529,1.800971,2.202124,2.201291,2.58667,3.173493,3.532521,3.581577,3.714653,4.99798,4.89643,4.883269,4.925213,4.407209,4.432925,4.106277,60
70b_30p_c1_b3_a,6.670432,6.013085,6.058882,6.29619,6.66713,6.579187,7.675026,9.02047,11.84682,12.76009,13.1576,22.82546,43.69357,44.86326,45.7934,45.43826,44.90834,42.59825,1.055936,1.07906,1.169317,1.375853,1.647089,1.649622,1.923003,2.627043,3.486387,3.731287,3.977567,5.537717,5.166056,5.198469,5.308234,4.813085,4.838064,4.526527,70
70b_30p_c1_b3_b,6.507312,5.911997,5.97458,6.19765,6.525708,6.456699,7.607114,8.701933,11.02782,11.81758,12.1009,21.21495,43.44062,44.61213,45.60625,45.37642,44.87658,42.68521,0.9856393,1.052574,1.16507,1.386773,1.655736,1.672456,1.963223,2.500205,3.010277,3.161234,3.342292,4.68923,4.416127,4.446817,4.554112,4.131728,4.179517,3.959513,70
70b_30p_c1_b3_c,6.766705,6.202242,6.319965,6.655343,7.141683,7.062747,8.305116,9.706531,12.46469,13.30762,13.68616,23.82547,45.97828,47.15647,48.15709,47.53628,46.96391,44.33424,0.9587087,1.041688,1.188634,1.462304,1.807819,1.821169,2.154669,2.803783,3.522446,3.708747,3.913204,5.365046,4.897287,4.905164,4.969229,4.442584,4.465067,4.106659,70
70b_30p_c1_b3_d,6.71112,6.143465,6.285777,6.67196,7.044662,6.915922,8.039059,9.324214,11.852,12.62834,12.9607,22.82143,45.57877,46.63549,47.46958,46.82383,46.28463,43.80359,0.9955252,1.093709,1.25522,1.561791,1.879546,1.878637,2.182367,2.840521,3.500201,3.655785,3.876568,5.526099,4.777689,4.795296,4.88085,4.381776,4.399417,4.053079,70
80b_20p_c1_b3_a,6.466464,5.863899,5.925001,6.164843,6.536543,6.455082,7.548566,8.754563,11.38494,12.26493,12.64097,22.06384,42.85955,44.03196,45.03846,44.83768,44.29094,42.09727,1.031641,1.053667,1.135367,1.321066,1.582989,1.603745,1.900105,2.505724,3.122259,3.280045,3.463233,4.781355,4.844721,4.874266,4.987265,4.534261,4.56315,4.283835,80
80b_20p_c1_b3_b,6.459208,5.794345,5.794456,5.932256,6.114615,6.020677,6.936803,7.847355,10.17464,11.0173,11.3219,19.89933,40.79337,42.01948,43.13115,43.33762,42.84309,41.00772,0.9825398,1.053241,1.161513,1.371322,1.612234,1.615586,1.865863,2.449004,3.057002,3.223522,3.417261,4.942923,4.791743,4.830529,4.958902,4.51546,4.540232,4.275421,80
80b_20p_c1_b3_c,6.578628,6.031471,6.148495,6.481318,6.89899,6.794605,7.903429,9.17836,11.85872,12.70516,13.0676,22.84973,44.52244,45.72357,46.80476,46.42218,45.83291,43.37954,1.001053,1.096189,1.234049,1.489714,1.777026,1.779054,2.061159,2.627994,3.225053,3.381639,3.582692,5.018674,4.621586,4.647032,4.763382,4.293603,4.299286,3.93811,80
80b_20p_c1_b3_d,6.470562,5.895287,6.011694,6.346663,6.671087,6.542502,7.608627,8.826385,11.36285,12.17981,12.52671,22.15114,44.14219,45.22395,46.14024,45.66757,45.05605,42.58577,1.001164,1.109153,1.264221,1.559017,1.850556,1.843021,2.128533,2.785682,3.445542,3.608989,3.829073,5.485405,4.865906,4.903479,5.021944,4.548977,4.570094,4.258084,80
90b_10p_c1_b3_a,6.859409,6.043817,5.963405,5.988861,6.054998,5.948996,6.647002,7.481128,10.10982,11.06926,11.40792,19.71274,39.66066,41.01894,42.35866,42.89126,42.41747,40.72968,0.9254683,0.968646,1.04885,1.213723,1.42274,1.432099,1.664504,2.230381,2.908932,3.105947,3.292763,4.617366,4.4109,4.443633,4.560788,4.162198,4.202475,3.995746,90
90b_10p_c1_b3_b,6.758283,5.986582,5.927497,5.985293,6.139266,6.06171,6.933309,7.906509,10.53752,11.49426,11.83512,20.22013,39.96009,41.2479,42.48763,42.939,42.46864,40.7883,0.9827448,1.02373,1.110788,1.299405,1.559623,1.574432,1.869223,2.550264,3.32591,3.542966,3.744181,5.241485,5.392268,5.435365,5.573445,5.056946,5.088176,4.796413,90
90b_10p_c1_b3_c,6.446533,5.793658,5.806432,5.974687,6.239942,6.148386,7.087724,8.141644,10.73898,11.62246,11.94549,20.82566,42.05797,43.32994,44.56379,44.67979,44.14437,42.07795,0.95444,0.9908167,1.081508,1.264514,1.51435,1.5277,1.808357,2.300414,2.852076,3.038381,3.229409,4.576694,4.52846,4.58489,4.761854,4.414486,4.446077,4.223189,90
90b_10p_c1_b3_d,6.610498,5.943778,5.968871,6.15488,6.363132,6.251716,7.195524,8.188818,10.62775,11.44405,11.72961,20.69568,42.92939,44.13105,45.27143,45.2016,44.65219,42.48679,0.9893571,1.042496,1.141787,1.346439,1.594164,1.598109,1.875362,2.430742,3.041636,3.217526,3.420213,4.901344,4.492963,4.541123,4.682548,4.290128,4.315613,4.077777,90
0b_100p_c1_b4_a,8.145462,8.853977,10.07499,12.03934,14.31036,14.2993,17.34074,20.69427,25.18458,26.30987,27.16091,41.44122,61.34295,62.00877,62.33747,59.09071,58.21342,53.39847,1.161726,1.669264,2.101155,2.659417,3.141271,3.137768,3.533308,3.927635,4.061003,4.046459,4.146731,4.781812,5.098598,5.132158,5.211374,4.626451,4.637148,4.172902,0
0b_100p_c1_b4_b,7.9372,8.708269,10.00249,12.00571,13.78209,13.60876,16.50133,19.93385,24.47425,25.64114,26.54993,41.52561,61.34463,62.00208,62.35576,59.11201,58.24605,53.40804,1.178499,1.567687,1.942238,2.426428,2.79545,2.769731,3.135533,3.628595,3.992978,4.049726,4.182716,4.570686,4.596271,4.623765,4.705044,4.19783,4.212484,3.815282,0
0b_100p_c1_b4_c,8.714889,10.32422,12.10318,14.67569,17.11142,17.01303,20.37643,23.93105,28.00073,28.88228,29.69043,44.16531,63.52116,64.08672,64.34812,60.91031,60.05786,55.20264,1.371797,2.068858,2.566964,3.142728,3.545849,3.527208,3.910763,4.306028,4.416405,4.362598,4.44632,4.811105,4.816383,4.826357,4.894801,4.36297,4.390241,3.9941,0
0b_100p_c1_b4_d,8.247952,9.701551,11.41755,13.91017,16.00732,15.82794,19.03248,22.58448,26.7666,27.67446,28.51544,43.48064,62.99829,63.54319,63.79395,60.3819,59.51603,54.66969,1.334359,2.026788,2.559142,3.186699,3.576042,3.539453,3.942111,4.3985,4.582052,4.536856,4.632167,5.061442,5.019443,5.021631,5.100449,4.545904,4.546908,4.105478,0
100b_0p_c1_b4_a,6.922223,6.077772,5.968323,5.960139,5.938416,5.814183,6.256702,6.984282,9.538175,10.51431,10.78652,18.17877,36.41337,37.79973,38.995,40.0087,39.6971,38.53534,1.190163,1.204126,1.248764,1.339682,1.493198,1.474536,1.604798,2.18549,2.956317,3.170918,3.373055,4.886439,5.166206,5.216121,5.342698,4.941669,4.9804,4.777139,100
100b_0p_c1_b4_b,6.884535,6.061809,5.979962,6.022844,6.024845,5.900878,6.420599,7.198071,9.771688,10.71332,10.96285,18.74147,38.64258,40.04217,41.36092,42.12025,41.71085,40.0374,1.145285,1.13774,1.1749,1.258969,1.406186,1.422243,1.549652,2.095972,2.785993,2.977875,3.188805,4.652956,4.48718,4.484632,4.577183,4.197985,4.220191,3.925912,100
100b_0p_c1_b4_c,6.858048,6.03364,5.976836,6.066311,6.164704,6.042212,6.630682,7.571746,10.24204,11.21815,11.53071,22.67925,38.64182,39.9624,41.09296,41.76153,41.40693,39.92126,1.182862,1.171392,1.222433,1.354562,1.546988,1.545463,1.682691,2.303185,3.113847,3.344616,3.564289,5.775647,4.847666,4.892935,5.008315,4.642131,4.673784,4.441714,100
100b_0p_c1_b4_d,6.638628,5.90269,5.914803,6.10977,6.276643,6.140801,6.881823,7.928074,10.51246,11.40747,11.69036,20.33158,42.30601,43.6153,44.77578,44.91356,44.44244,42.29286,1.154589,1.154168,1.223379,1.394622,1.60603,1.600268,1.806321,2.461895,3.279358,3.493925,3.737945,5.441403,4.681606,4.687028,4.7733,4.348994,4.369022,4.048362,100
20b_80p_c1_b4_a,7.415477,7.320385,7.935821,9.116725,10.69498,10.68928,12.94949,15.53919,19.61523,20.80442,21.49181,34.29715,55.51446,56.47054,57.1143,54.8828,54.13696,50.09898,1.160731,1.284675,1.491617,1.844161,2.248217,2.253628,2.584381,3.031609,3.578318,3.71573,3.900607,4.673792,4.521613,4.558604,4.662357,4.182744,4.217293,3.797857,20
20b_80p_c1_b4_b,7.304481,7.40028,8.101656,9.341921,10.8584,10.84022,13.11732,15.63755,19.39161,20.45214,21.09607,33.88146,55.58979,56.52295,57.13462,54.93269,54.1862,50.20177,1.19149,1.473676,1.801001,2.299796,2.802055,2.802156,3.233867,3.746678,4.161195,4.233391,4.402149,5.364167,5.117299,5.109228,5.171842,4.610935,4.655257,4.25108,20
20b_80p_c1_b4_c,7.277161,7.511372,8.303214,9.654336,11.17391,11.11515,13.42504,16.10984,19.99343,21.0557,21.74059,34.90552,56.12727,56.98764,57.55292,55.28287,54.53699,50.53092,1.184352,1.529934,1.898743,2.425907,2.896924,2.887346,3.300385,3.782559,4.156389,4.232144,4.389823,5.205616,4.975122,4.978724,5.043776,4.506906,4.542482,4.142879,20
20b_80p_c1_b4_d,7.41995,8.163281,9.323307,11.09346,12.63848,12.49085,14.95713,17.84409,21.58033,22.51046,23.20436,36.99186,58.01088,58.74022,59.17064,56.6543,55.92197,51.82312,1.162635,1.714856,2.257262,2.956443,3.337758,3.280125,3.657197,4.243905,4.600429,4.597628,4.735054,5.522074,4.756079,4.732464,4.776674,4.244805,4.265963,3.862464,20
40b_60p_c1_b4_a,7.038327,6.30949,6.345424,6.612669,7.142493,7.120323,8.485079,9.973003,13.10575,14.21153,14.68384,24.45945,45.55444,46.84207,47.89371,47.45506,46.94201,44.6417,1.131029,1.165647,1.252512,1.43606,1.725326,1.754496,2.086278,2.638732,3.295845,3.477436,3.659053,4.89521,5.10322,5.169167,5.316403,4.937009,5.013746,4.916681,40
40b_60p_c1_b4_b,6.845489,6.329155,6.530775,7.028332,7.705817,7.657689,9.196944,10.86007,13.88945,14.88257,15.32886,25.87904,48.40034,49.59277,50.5818,49.77402,49.22145,46.59964,1.122714,1.158002,1.287227,1.565209,1.962678,1.97708,2.395625,2.951165,3.491689,3.610118,3.781448,4.991248,5.16466,5.168783,5.246948,4.711817,4.731755,4.393345,40
40b_60p_c1_b4_c,6.869291,6.433468,6.68978,7.263911,8.054613,8.015716,9.619564,11.32267,14.44433,15.44991,15.91394,26.69442,48.85086,50.0358,50.9864,50.00867,49.40597,46.54702,1.110683,1.180707,1.352666,1.677605,2.046653,2.05124,2.415283,2.969855,3.532814,3.65448,3.838686,5.090057,4.841877,4.857764,4.978728,4.476902,4.49248,4.094709,40
40b_60p_c1_b4_d,6.885795,6.413996,6.653754,7.215989,8.002926,7.964067,9.556821,11.27086,14.40507,15.41216,15.88249,26.63543,48.76674,49.94258,50.89427,49.9031,49.29527,46.41033,1.119651,1.158566,1.281378,1.523161,1.872731,1.881682,2.231459,2.783151,3.404977,3.548319,3.736821,4.927281,4.680401,4.692637,4.778322,4.304744,4.326451,4.047047,40
60b_40p_c1_b4_a,6.717305,6.288186,6.572696,7.216507,7.979525,7.885269,9.423864,11.17363,13.9371,14.77076,15.12152,25.89838,49.39229,50.44823,51.18098,50.04619,49.47023,46.42607,1.157607,1.203143,1.335935,1.614233,1.937367,1.932923,2.24329,2.794361,3.248714,3.331176,3.496276,4.877344,4.921507,4.951426,5.030949,4.543107,4.573349,4.200301,60
60b_40p_c1_b4_b,6.652111,6.118842,6.328118,6.847075,7.450605,7.34705,8.722393,10.26272,12.84082,13.64352,13.92763,24.08757,48.40506,49.49206,50.25852,49.27942,48.72772,45.86581,1.178064,1.186284,1.268421,1.460876,1.736665,1.738929,2.041365,2.58268,3.031378,3.109657,3.286468,4.652124,4.608805,4.648431,4.717706,4.261688,4.270295,3.919796,60
60b_40p_c1_b4_c,6.594442,6.112245,6.355379,6.92567,7.560894,7.446515,8.842655,10.45011,13.08368,13.88491,14.20628,24.7387,48.67474,49.75332,50.51705,49.462,48.87754,45.90409,1.116495,1.16037,1.280888,1.530614,1.844058,1.841846,2.159265,2.706641,3.135445,3.201108,3.356471,4.544165,4.432963,4.455796,4.554893,4.143044,4.174102,3.927021,60
60b_40p_c1_b4_d,6.483532,5.954958,6.135286,6.592447,6.991028,6.838539,7.945774,9.366703,11.97956,12.82767,13.16825,23.43019,47.52653,48.60662,49.3615,48.43061,47.85857,45.00471,1.129785,1.1471,1.241238,1.453345,1.699952,1.681704,1.932179,2.533887,3.112009,3.228132,3.411746,4.789973,4.81848,4.848554,4.956423,4.509581,4.533304,4.186414,60
70b_30p_c1_b4_a,6.649589,5.852843,5.774013,5.816512,5.942729,5.866799,6.604652,7.439792,9.833252,10.72805,10.98657,18.66694,38.70956,40.09025,41.2109,41.8461,41.50431,40.12435,1.167342,1.200346,1.260817,1.378453,1.594869,1.638726,1.917321,2.507019,3.13143,3.327751,3.53551,5.020998,5.370931,5.429931,5.574027,5.213044,5.294251,5.211144,70
70b_30p_c1_b4_b,6.657127,5.854891,5.748887,5.720481,5.711874,5.616538,6.145911,6.816995,9.269409,10.19468,10.45883,18.02477,37.24471,38.63243,39.79223,40.59095,40.23544,38.89552,1.150822,1.170783,1.22381,1.315415,1.463208,1.480018,1.657685,2.157138,2.738708,2.903759,3.090732,4.406921,4.803373,4.855364,4.968896,4.647237,4.716209,4.594625,70
70b_30p_c1_b4_c,6.730008,5.992586,5.980284,6.12115,6.315983,6.214986,6.982574,8.032977,10.79361,11.76802,12.09527,20.61425,40.81336,42.18364,43.34814,43.68589,43.26183,41.41045,1.163437,1.143372,1.192838,1.322301,1.527151,1.521687,1.753726,2.296329,2.935471,3.129733,3.344313,4.84255,4.569499,4.588473,4.713143,4.334826,4.355988,4.05864,70
70b_30p_c1_b4_d,6.565356,5.867029,5.874097,6.038117,6.264624,6.174718,7.049644,8.093875,10.64671,11.54799,11.84467,20.47401,41.95232,43.27118,44.35656,44.50649,44.07915,42.16747,1.150137,1.153756,1.212579,1.342818,1.545532,1.560561,1.81181,2.377649,3.049686,3.236204,3.462576,4.883816,4.820509,4.88834,5.047972,4.696686,4.762396,4.569946,70
80b_20p_c1_b4_a,6.231687,5.552551,5.547033,5.663999,5.895175,5.835419,6.661062,7.32504,9.232413,9.910625,10.00891,17.46467,39.01762,40.30051,41.12911,41.34019,40.93513,39.20633,1.105236,1.140222,1.195093,1.291569,1.473599,1.497525,1.655214,2.042393,2.388978,2.463168,2.606796,3.813026,4.009511,4.063236,4.16574,3.875274,3.909222,3.754367,80
80b_20p_c1_b4_b,6.244151,5.641653,5.704977,5.948896,6.333695,6.272257,7.286461,8.19786,10.20936,10.87587,10.99171,18.91308,41.67938,42.92713,43.75291,43.67418,43.2378,41.22226,1.129607,1.169535,1.255636,1.412358,1.683228,1.711766,1.97652,2.44015,2.808698,2.877916,3.025167,4.394336,4.383824,4.387087,4.456641,4.025793,4.032431,3.706721,80
80b_20p_c1_b4_c,6.210768,5.639567,5.720286,5.995562,6.406256,6.340025,7.378527,8.331515,10.33972,10.99146,11.11002,19.20774,42.20822,43.42809,44.22705,44.03564,43.58723,41.48536,1.104918,1.154499,1.240654,1.41377,1.661739,1.683325,1.916553,2.372983,2.721784,2.799739,2.952122,4.286666,4.284973,4.30958,4.408345,4.055629,4.080461,3.84888,80
80b_20p_c1_b4_d,6.177822,5.588001,5.6609,5.914031,6.153241,6.037615,6.903479,7.81539,9.801615,10.45242,10.58374,18.73848,41.61857,42.74371,43.47363,43.31347,42.85163,40.7679,1.182984,1.247966,1.348004,1.526376,1.749679,1.751601,1.943818,2.462921,2.948297,3.05314,3.245554,4.881516,4.1908,4.207533,4.285844,3.884365,3.904254,3.632311,80
90b_10p_c1_b4_a,6.422346,5.690418,5.65002,5.733603,5.910408,5.837523,6.575777,7.180077,9.143757,9.899413,10.0361,17.27233,38.57679,39.90058,40.85127,41.29211,40.91373,39.35261,1.211124,1.210715,1.259394,1.357753,1.583878,1.620051,1.874417,2.305511,2.666558,2.762651,2.907752,4.186853,4.594179,4.63776,4.753242,4.411299,4.45799,4.277919,90
90b_10p_c1_b4_b,6.426791,5.67888,5.605407,5.624454,5.643518,5.550777,6.120149,6.60904,8.520412,9.24942,9.359118,16.28129,37.65871,38.97611,40.00196,40.63083,40.25348,38.76416,1.129075,1.120615,1.148041,1.218434,1.332397,1.357064,1.485703,1.89453,2.287664,2.382177,2.541184,3.754776,4.107398,4.127703,4.189744,3.852122,3.884973,3.704073,90
90b_10p_c1_b4_c,6.408082,5.699254,5.657439,5.733735,5.83167,5.737634,6.376296,7.008264,9.026406,9.777104,9.921538,17.25953,38.62445,39.87777,40.80779,41.21737,40.81628,39.1437,1.180406,1.191619,1.238783,1.338445,1.504851,1.535339,1.684147,2.112183,2.540009,2.664012,2.839671,4.264432,4.050511,4.084986,4.213216,3.85689,3.885546,3.623118,90
90b_10p_c1_b4_d,6.465877,5.726356,5.678987,5.754325,5.78211,5.656551,6.203333,6.821152,8.890923,9.635555,9.81061,17.40677,38.40979,39.63269,40.53025,40.86406,40.42332,38.6793,1.151721,1.165673,1.209378,1.304309,1.44007,1.46072,1.572612,2.009186,2.4618,2.571904,2.753782,4.148208,4.153429,4.201239,4.323569,3.975302,4.003401,3.775119,90
0b_100p_c1_b5_a,13.74919,17.40588,20.47094,24.35075,27.724,27.67048,31.41771,35.6933,40.70192,41.68371,42.85453,58.34346,72.33649,72.43737,72.26193,67.47115,66.56366,60.78922,2.71574,4.015328,4.807145,5.568924,5.758101,5.665179,5.860867,5.964641,5.602348,5.432367,5.466642,5.76628,5.646158,5.625041,5.667792,4.98146,5.000918,4.504951,0
0b_100p_c1_b5_b,12.51634,15.14257,17.56508,20.77746,24.21953,24.34544,28.04037,32.26958,37.75859,38.96009,40.11812,55.43825,70.40051,70.63207,70.55653,65.95721,65.03689,59.31386,2.5082,3.827648,4.697212,5.662175,6.129735,6.038456,6.12155,6.209733,5.776326,5.57725,5.605088,6.059808,5.953999,5.951934,6.000024,5.319273,5.354537,4.842369,0
0b_100p_c1_b5_c,14.0406,17.61154,20.62027,24.42705,27.96452,27.98224,31.72124,35.90592,40.88882,41.87296,43.00856,58.35122,72.3261,72.43937,72.26119,67.46428,66.57215,60.8214,2.67931,3.772939,4.446625,5.075294,5.27545,5.231658,5.338,5.277123,4.787403,4.634381,4.63202,4.865285,5.179567,5.182499,5.247404,4.571096,4.599819,4.087853,0
0b_100p_c1_b5_d,14.14813,18.58551,22.16465,26.47989,29.7845,29.61168,33.38264,38.06847,43.58704,44.60241,45.859,61.70034,74.35479,74.40952,74.1926,69.17612,68.23051,62.21637,2.712043,3.917153,4.647528,5.273211,5.31213,5.221229,5.346633,5.374907,5.028979,4.898354,4.918553,5.322011,5.653488,5.658517,5.727532,5.018544,5.047499,4.496138,0
100b_0p_c1_b5_a,8.051831,8.029531,8.696314,9.886097,11.65121,11.82357,14.89924,17.37074,20.86089,22.22725,23.10999,36.69807,56.15179,56.8626,57.64451,56.16611,55.64304,52.73195,1.278373,1.541124,1.823641,2.309606,2.865374,2.923451,3.323329,3.883284,4.362058,4.536221,4.738771,5.538918,5.284506,5.341183,5.471079,5.087313,5.125839,4.894948,100
100b_0p_c1_b5_b,7.786956,7.847682,8.56442,9.814146,11.5503,11.69138,14.74295,17.24136,20.73237,22.08782,22.98974,36.88036,56.58133,57.25903,58.00446,56.34541,55.76652,52.61909,1.326059,1.618219,1.923166,2.432565,3.008109,3.071836,3.496111,4.082237,4.625474,4.813457,5.015908,5.838811,5.366593,5.427198,5.573972,5.1665,5.233877,5.013155,100
100b_0p_c1_b5_c,8.099401,8.348175,9.161696,10.52911,12.45901,12.63974,15.86783,18.31759,21.73776,23.0296,23.91427,38.01151,57.46031,58.07692,58.78852,57.01716,56.44054,53.24548,1.290696,1.627868,1.942366,2.444353,3.011281,3.086505,3.493658,3.948905,4.2895,4.419498,4.581468,5.156001,5.081253,5.146036,5.298175,4.910643,4.962846,4.732233,100
100b_0p_c1_b5_d,7.676604,7.894352,8.70198,10.0314,11.55258,11.60664,14.53383,17.10472,20.67875,22.0538,23.01628,37.86964,57.10673,57.76855,58.53648,56.87312,56.29764,53.14889,1.237307,1.580088,1.919709,2.467279,2.933702,2.969537,3.256143,3.798028,4.324142,4.493719,4.692525,5.456241,4.981255,5.035354,5.192655,4.763499,4.788033,4.483091,100
10b_90p_c1_b5_a,9.338023,10.67731,12.29459,14.63025,17.13394,17.20212,20.58501,24.24088,29.34363,30.62296,31.72815,47.85104,65.04138,65.41441,65.5587,62.12126,61.355,56.69795,1.216182,2.159062,2.787227,3.474847,3.825551,3.763871,3.928029,4.040337,4.059984,4.075497,4.189277,5.014038,5.468404,5.50716,5.622506,5.033141,5.063703,4.646507,10
10b_90p_c1_b5_b,9.560338,10.51779,11.92985,14.0784,16.97649,17.22835,20.96113,24.55219,29.65479,31.04143,32.1216,47.32155,64.96298,65.3781,65.53522,61.97782,61.20361,56.47736,1.450858,2.296078,2.891816,3.578715,4.068527,4.027946,4.160084,4.24472,4.135708,4.110715,4.184744,4.842593,5.452836,5.496261,5.609966,5.052684,5.092238,4.709581,10
10b_90p_c1_b5_c,10.61128,12.88265,15.10325,18.08969,21.06705,21.13732,24.84128,28.66623,33.64238,34.78582,35.92342,51.9829,67.685,67.93787,67.99638,64.15562,63.36367,58.43161,1.521518,2.661347,3.401407,4.116196,4.236703,4.131868,4.189828,4.192515,3.974391,3.892794,3.955077,4.547707,4.943316,4.961094,5.043355,4.479629,4.506032,4.090671,10
10b_90p_c1_b5_d,10.36204,12.49854,14.63653,17.56435,20.55546,20.62373,24.28061,27.98258,32.76119,33.86968,34.95865,50.89409,67.38633,67.66931,67.74454,63.98612,63.21865,58.36301,1.432852,2.317135,2.882046,3.455419,3.748568,3.73194,3.966081,4.02325,3.900938,3.885206,3.954854,4.514592,5.151615,5.190905,5.281184,4.740273,4.794805,4.443352,10
20b_80p_c1_b5_a,10.74951,12.36225,14.01963,16.35988,19.45998,19.74733,23.55508,26.65913,30.54562,31.56562,32.4704,47.00451,65.64142,66.00723,66.22394,62.73539,61.97323,57.30956,1.810941,2.596896,3.108807,3.72782,4.194195,4.196919,4.300572,4.464203,4.360842,4.312331,4.363738,4.669978,5.076154,5.106701,5.206611,4.656161,4.689217,4.285899,20
20b_80p_c1_b5_b,10.79249,12.87699,14.81518,17.4385,20.49288,20.70969,24.44438,27.45641,31.1077,31.95626,32.7903,47.36932,65.90916,66.22631,66.43578,63.03386,62.3014,57.7793,1.73269,2.47234,2.967147,3.564357,4.045155,4.077169,4.280846,4.570078,4.616702,4.603679,4.698271,5.025465,5.105638,5.124895,5.223911,4.726709,4.772109,4.475311,20
20b_80p_c1_b5_c,10.88054,13.02586,14.99735,17.65319,20.66881,20.85119,24.6382,27.85362,31.74139,32.64636,33.5417,48.37852,66.35168,66.65269,66.79378,63.14357,62.34808,57.52722,1.885448,2.716182,3.275715,3.931452,4.278271,4.248396,4.371783,4.578823,4.50187,4.438691,4.501851,4.961291,5.259538,5.275734,5.372393,4.793927,4.826707,4.398466,20
20b_80p_c1_b5_d,9.490943,11.16327,12.84546,15.08265,17.35931,17.43969,20.86187,23.91628,27.95093,28.95522,29.85347,44.87339,63.07743,63.44411,63.65099,60.52416,59.80237,55.4913,1.626527,2.594371,3.299685,4.151992,4.691917,4.63868,4.818891,5.119579,5.009281,4.879817,4.937932,5.60667,5.701113,5.689874,5.741468,5.136118,5.16212,4.76457,20
30b_70p_c1_b5_a,9.230099,10.43683,11.91277,14.06325,16.57309,16.69631,20.05872,23.18394,27.47305,28.7013,29.69606,45.01447,63.74485,64.14338,64.46291,61.34823,60.60899,56.22803,1.424048,2.06338,2.521482,3.076573,3.539813,3.567309,3.805258,3.932787,3.968945,4.042877,4.176276,4.752452,5.009144,5.056015,5.160832,4.655089,4.683459,4.324392,30
30b_70p_c1_b5_b,9.753613,11.09079,12.64752,14.89358,17.63894,17.83562,21.44401,24.54123,28.75052,29.88979,30.84464,45.98053,64.43631,64.8035,65.12225,61.92623,61.21663,56.84298,1.598531,2.336854,2.867525,3.474011,3.887304,3.915573,4.112442,4.298407,4.288947,4.3045,4.410779,4.963895,5.177588,5.201453,5.308008,4.810019,4.853204,4.536593,30
30b_70p_c1_b5_c,9.456536,10.6675,12.10587,14.19192,16.78194,16.97404,20.46094,23.57527,27.93389,29.13898,30.11239,45.23659,63.60022,63.9909,64.31305,61.18473,60.43895,56.01406,1.531014,2.258346,2.768521,3.378819,3.856793,3.875554,4.068197,4.14496,4.076482,4.094815,4.195486,4.730128,5.113263,5.14933,5.254192,4.756057,4.793803,4.46814,30
30b_70p_c1_b5_d,9.631043,11.13957,12.79802,15.14256,17.87416,18.04011,21.70825,24.84332,28.98123,30.14799,31.126,46.51939,65.02179,65.39217,65.71253,62.47746,61.72029,57.2359,1.522402,2.258293,2.785722,3.399748,3.837986,3.840292,4.020785,4.244432,4.330166,4.370236,4.491481,4.997902,5.219295,5.242724,5.350978,4.835754,4.876994,4.529965,30
40b_60p_c1_b5_a,10.28576,12.05774,13.73637,16.06951,19.0147,19.29426,23.03327,25.68261,28.89382,29.68814,30.38687,44.33175,63.39754,63.76892,64.05006,61.2355,60.64388,56.76706,1.705274,2.367381,2.839164,3.432606,3.939834,3.971113,4.206699,4.519192,4.611479,4.61809,4.724897,5.458104,5.848067,5.886884,5.974593,5.409687,5.450799,5.066181,40
40b_60p_c1_b5_b,9.739506,10.95311,12.31732,14.32768,17.25927,17.59504,21.34952,23.96479,27.21116,28.11567,28.8204,42.49846,62.74334,63.21054,63.54366,60.6178,59.9298,55.764,1.674339,2.354415,2.811461,3.411409,4.031589,4.105924,4.389787,4.682623,4.721998,4.697283,4.791127,5.330854,5.323514,5.354608,5.432915,4.927297,4.955094,4.641068,40
40b_60p_c1_b5_c,10.12293,12.05418,13.86969,16.31935,19.11623,19.32864,23.20531,26.08821,29.50477,30.33702,31.08391,45.6984,64.96066,65.28637,65.49943,62.31479,61.64485,57.36599,1.651868,2.545701,3.174695,3.940484,4.465514,4.458548,4.626427,4.89063,4.842958,4.77766,4.855218,5.246324,5.066373,5.079958,5.140199,4.620632,4.6676,4.373289,40
40b_60p_c1_b5_d,8.804891,10.48517,12.22702,14.61875,16.83668,16.83401,20.27488,23.26478,26.88966,27.78475,28.6158,43.85211,63.15635,63.48141,63.65358,60.57449,59.87199,55.62013,1.469334,2.198159,2.733941,3.393288,3.744313,3.725917,3.951869,4.251446,4.342887,4.34912,4.470179,4.973007,4.792286,4.817701,4.905807,4.453576,4.508365,4.318408,40
50b_50p_c1_b5_a,8.788959,9.317572,10.29406,11.80997,14.062,14.33994,17.89056,20.65902,24.50016,25.73261,26.61135,41.00111,61.02261,61.57873,62.03899,59.48445,58.86375,55.02794,1.432933,2.092036,2.611045,3.301346,3.813942,3.796643,3.955092,4.222614,4.361004,4.39246,4.519253,5.264431,5.079855,5.114633,5.214294,4.728564,4.779064,4.449177,50
50b_50p_c1_b5_b,8.917519,9.817755,11.07562,12.9482,15.26602,15.42834,18.79729,21.61386,25.44126,26.56278,27.42187,42.20366,61.99939,62.47729,62.86554,60.11962,59.49012,55.50323,1.402623,1.98156,2.460179,3.069036,3.496932,3.537223,3.744681,4.095938,4.384984,4.478354,4.642899,5.280271,4.916728,4.952471,5.060355,4.57061,4.605422,4.257611,50
50b_50p_c1_b5_c,8.502874,8.903519,9.81757,11.26661,13.37242,13.60196,16.93975,19.65436,23.61345,24.85198,25.69385,39.90412,59.88013,60.47358,60.97453,58.5195,57.87565,54.04461,1.368306,1.901213,2.374179,3.001915,3.469317,3.497772,3.659943,3.940509,4.144592,4.22331,4.364372,5.097495,5.160471,5.225368,5.353837,4.911302,4.966006,4.667922,50
50b_50p_c1_b5_d,8.370715,9.266012,10.46584,12.23142,14.25401,14.36602,17.68024,20.44161,24.13139,25.24908,26.11552,41.06887,60.75323,61.22485,61.61323,59.0401,58.37257,54.46765,1.449645,2.122439,2.642717,3.311301,3.732836,3.708797,3.981066,4.364802,4.59504,4.647605,4.802085,5.581027,5.65638,5.7006,5.841938,5.350731,5.408788,5.103944,50
60b_40p_c1_b5_a,7.914831,7.921163,8.556624,9.68764,11.5125,11.71151,14.7212,17.2089,20.95595,22.22998,23.05803,36.767,57.37059,58.04002,58.57914,56.55311,55.97482,52.55775,1.246219,1.533039,1.815034,2.268175,2.78028,2.836504,3.143444,3.588614,4.021328,4.192966,4.394167,5.193707,5.462679,5.547033,5.698685,5.222415,5.281874,4.985409,60
60b_40p_c1_b5_b,7.921949,7.896607,8.519244,9.639667,11.41726,11.62024,14.64069,17.19735,21.07032,22.3645,23.21767,37.01924,57.52097,58.20884,58.81023,56.83831,56.27879,52.89183,1.252761,1.570228,1.889157,2.401456,2.976644,3.053751,3.406425,3.818592,4.14843,4.277704,4.441833,5.099192,5.080862,5.158036,5.297633,4.848505,4.889146,4.552611,60
60b_40p_c1_b5_c,7.938004,7.985495,8.62962,9.738112,11.55282,11.7925,14.98032,17.56621,21.44619,22.75324,23.58843,37.32889,57.89701,58.58491,59.16061,57.11543,56.53333,53.07373,1.23756,1.697849,2.117304,2.73047,3.364157,3.418232,3.780705,4.18211,4.393183,4.439594,4.596316,5.430331,5.442804,5.472326,5.570726,5.080109,5.117945,4.802943,60
60b_40p_c1_b5_d,7.970958,8.022694,8.716326,9.915272,11.53868,11.66273,14.59615,17.29912,21.36282,22.70605,23.57917,37.89889,58.02376,58.68502,59.25735,57.11804,56.51115,52.93686,1.278882,1.650887,2.018105,2.589634,3.094046,3.120811,3.425493,3.885113,4.390516,4.571762,4.77621,5.50972,5.235248,5.307306,5.450691,5.006855,5.057399,4.808871,60
70b_30p_c1_b5_a,7.583303,7.300305,7.723598,8.570175,10.11489,10.32726,13.22799,15.52527,18.99478,20.2961,21.06916,33.93803,55.01599,55.81455,56.44107,54.81926,54.29663,51.25609,1.294826,1.479943,1.698437,2.134929,2.622204,2.736509,3.032305,3.509709,3.91819,4.0815,4.262229,5.262677,5.742639,5.8323,5.995945,5.562756,5.635638,5.424401,70
70b_30p_c1_b5_b,7.71913,7.645462,8.22745,9.25474,10.80366,10.95352,13.77728,16.31587,20.13451,21.43071,22.25739,36.06782,56.34579,57.06716,57.69959,55.90623,55.34088,52.03786,1.24123,1.51536,1.812162,2.302169,2.794421,2.856256,3.07636,3.539094,3.988702,4.154589,4.352318,5.122718,5.014286,5.089572,5.244105,4.816047,4.876832,4.57854,70
70b_30p_c1_b5_c,7.976312,7.862761,8.432411,9.4738,11.29696,11.53945,14.69277,17.30297,21.21441,22.60411,23.44296,37.018,57.5104,58.27433,58.9227,56.89196,56.2875,52.73117,1.258857,1.541803,1.82663,2.309504,2.847651,2.919348,3.175614,3.59713,3.992803,4.138923,4.312622,5.021289,4.935874,5.020502,5.172553,4.768869,4.847336,4.6278,70
70b_30p_c1_b5_d,8.052321,8.653045,9.717265,11.34086,13.09598,13.13737,16.17141,18.81041,22.37914,23.50414,24.33125,39.15568,59.48369,60.0495,60.57569,58.35046,57.77622,54.17072,1.380449,1.835146,2.224557,2.776266,3.254159,3.287508,3.574567,4.069771,4.487835,4.61887,4.82722,5.696172,4.985699,5.026288,5.157947,4.707651,4.743233,4.487384,70
80b_20p_c1_b5_a,7.910858,7.839755,8.45208,9.533975,11.15464,11.32727,14.21065,16.72633,20.54149,21.93664,22.80058,36.49773,56.41422,57.16029,57.88482,56.20947,55.67151,52.50457,1.288551,1.611617,1.971675,2.543073,3.034525,3.103578,3.413172,3.881329,4.288857,4.426646,4.60747,5.548798,5.302125,5.346903,5.471751,5.006906,5.056236,4.742527,80
80b_20p_c1_b5_b,7.471684,7.033221,7.347366,8.015257,9.250092,9.43273,12.12531,14.33838,17.83019,19.16456,19.9123,32.67953,53.93668,54.77293,55.53122,54.22815,53.74135,50.95916,1.249204,1.394471,1.575543,1.975789,2.425371,2.508231,2.775323,3.290182,3.81798,4.019118,4.213576,5.080653,5.077446,5.147335,5.272631,4.892467,4.959063,4.812855,80
80b_20p_c1_b5_c,8.052321,8.653045,9.717265,11.34086,13.09598,13.13737,16.17141,18.81041,22.37914,23.50414,24.33125,39.15568,59.48369,60.0495,60.57569,58.35046,57.77622,54.17072,1.380449,1.835146,2.224557,2.776266,3.254159,3.287508,3.574567,4.069771,4.487835,4.61887,4.82722,5.696172,4.985699,5.026288,5.157947,4.707651,4.743233,4.487384,80
80b_20p_c1_b5_d,7.918619,8.195284,9.014303,10.32616,11.92213,12.0104,14.90927,17.3867,20.94122,22.21592,23.06029,37.43726,57.53636,58.18977,58.85605,56.96964,56.40504,53.04655,1.333293,1.756958,2.158602,2.750766,3.230415,3.268634,3.53011,3.888405,4.187918,4.306815,4.480249,5.449147,5.338409,5.38009,5.52518,5.05673,5.102755,4.848465,80
90b_10p_c1_b5_a,8.366641,9.184947,10.33742,12.09091,14.15856,14.27926,17.4959,19.89257,23.09851,24.24121,25.07664,39.45456,59.14501,59.73325,60.47843,58.59965,58.04168,54.7661,1.381897,1.933626,2.360464,2.946244,3.505229,3.562571,3.978642,4.36138,4.585465,4.67747,4.854271,5.740142,5.341929,5.356158,5.455372,4.983175,5.007045,4.686126,90
90b_10p_c1_b5_b,7.875012,7.848087,8.509033,9.716172,11.35045,11.44223,14.13519,16.73431,20.76928,22.2442,23.18474,37.21215,56.38124,57.24835,58.30405,56.72045,56.069,52.65292,1.318206,1.641643,1.970013,2.511267,3.131009,3.199024,3.664733,4.174162,4.73946,4.957181,5.184621,6.071741,5.605458,5.680727,5.852132,5.350833,5.368353,4.932746,90
90b_10p_c1_b5_c,7.75102,7.766964,8.457854,9.694563,11.36308,11.46826,14.2305,16.80301,20.75076,22.15965,23.05376,37.05606,56.48999,57.28743,58.18909,56.48322,55.81287,52.39601,1.299206,1.585819,1.919154,2.449,2.98004,3.044377,3.386576,3.899135,4.5021,4.718473,4.944344,6.028736,5.9105,6.007864,6.195657,5.694356,5.715199,5.327119,90
90b_10p_c1_b5_d,7.749036,8.318708,9.364555,10.9829,12.56083,12.5485,15.40406,17.80648,21.1061,22.2721,23.12536,38.1143,57.74368,58.31787,59.00654,57.11763,56.49577,53.1087,1.335833,1.747726,2.138341,2.689264,3.114551,3.133713,3.46383,3.988798,4.495767,4.663624,4.87575,5.866205,5.432163,5.506377,5.656634,5.15976,5.180404,4.785354,90
