Sample ID,Mean 01,Mean 02,Mean 03,Mean 04,Mean 05,Mean 06,Mean 07,Mean 08,Mean 09,Mean 10,Mean 11,Mean 12,Mean 13,Mean 14,Mean 15,Mean 16,Mean 17,Mean 18,StdDev 01,StdDev 02,StdDev 03,StdDev 04,StdDev 05,StdDev 06,StdDev 07,StdDev 08,StdDev 09,StdDev 10,StdDev 11,StdDev 12,StdDev 13,StdDev 14,StdDev 15,StdDev 16,StdDev 17,StdDev 18,
0C_0h_air_a_b1,16.96142,21.43848,26.01804,32.47007,34.48205,32.841,29.98512,36.53511,50.91374,53.58867,54.5603,57.29671,54.1545,52.59559,50.31637,44.06684,41.97271,33.65311,3.63849,4.404888,4.779017,5.289883,5.525663,5.512681,5.465576,5.8846,6.681794,6.899176,7.088789,7.543264,7.788081,7.647759,7.480256,6.262642,6.131865,5.200771,
0C_0h_air_b_b1,18.9854,23.36201,28.56777,35.91738,37.60916,35.72009,32.90823,39.61741,55.10175,57.76926,58.72185,61.06983,57.30079,55.58432,53.08335,45.8611,43.45798,33.96883,4.321651,5.120403,5.435298,5.747703,5.863456,5.821411,5.611667,6.090207,6.505785,6.654275,6.781777,7.007322,6.859642,6.724678,6.576669,5.526773,5.429736,4.760296,
0C_0h_air_c_b1,16.49812,19.57446,24.30506,31.66792,33.36868,31.45268,29.45237,34.87909,51.43425,54.64526,55.71692,58.59063,56.23237,54.62781,52.20688,45.18095,42.82625,33.59426,3.208,3.566801,3.864101,4.421433,4.513731,4.467379,4.611857,4.767479,5.456419,5.674316,5.789197,6.104639,6.424934,6.324806,6.187864,5.187523,5.08429,4.393369,
0C_0h_air_d_b1,15.8979,20.23135,24.71088,30.9628,32.84003,31.17073,28.16983,35.56894,51.30799,54.18245,55.21804,58.20766,55.13002,53.51035,51.13794,44.51017,42.28312,33.57774,3.37217,4.035917,4.488086,5.113969,5.174401,5.069338,5.015106,5.239349,5.9447,6.118169,6.249835,6.433627,6.358548,6.24252,6.131326,5.197279,5.089134,4.405926,
0C_168h_air_a_b1,16.13607,20.91117,24.15813,27.7128,29.07426,28.40046,28.26476,34.86735,45.41073,49.29485,51.38081,58.01649,53.75291,52.11517,49.69302,43.50035,41.40983,33.07069,3.286748,4.134642,4.546586,5.020103,5.1655,5.199626,5.695897,5.995887,6.042382,6.322252,6.577972,7.461564,7.295033,7.16972,7.036465,5.985642,5.839522,4.947689,
0C_168h_air_b_b1,16.72256,22.22432,25.66405,29.41817,31.43584,30.77566,30.56399,37.54267,48.28593,51.68992,53.44248,58.61702,54.00497,52.35495,49.93878,43.76437,41.65014,33.2829,3.779065,4.559028,4.829491,5.056443,5.236751,5.267657,5.513949,6.080414,6.005322,6.117116,6.303404,6.708858,6.329537,6.247525,6.197596,5.39595,5.292322,4.617818,
0C_168h_air_c_b1,15.17135,17.85807,21.23601,26.25648,27.51213,25.95638,23.13541,29.96432,46.33366,49.81557,51.08061,55.40164,53.41174,51.84098,49.39737,43.02445,40.8139,32.20523,4.116042,4.743662,4.985841,5.303655,5.315374,5.253458,5.107965,5.670302,5.86978,5.985548,6.123086,6.378112,6.197884,6.138593,6.049312,5.185265,5.063762,4.396271,
0C_168h_air_d_b1,15.65224,19.12245,23.03507,28.74489,30.67995,29.11032,26.58717,33.75878,49.8012,52.74667,53.7889,56.62686,53.75595,52.29329,50.06446,43.96606,41.80047,33.34064,3.59072,4.256306,4.544102,4.916757,4.980559,4.908759,4.600989,5.157278,5.615077,5.737599,5.851496,6.036046,5.921556,5.888342,5.844925,5.060147,4.949654,4.321895,
0C_168h_air_e_b1,16.83613,20.68379,24.23816,28.87651,30.15221,29.02804,28.25066,34.2781,48.96916,53.05196,54.88562,60.36703,57.52953,55.87347,53.33544,46.30614,43.99857,34.73854,3.922437,4.358008,4.508462,4.642586,4.552959,4.521471,4.576957,4.720994,4.833615,4.978722,5.065327,5.497976,5.858167,5.885191,5.839229,5.029868,4.940762,4.373591,
0C_168h_air_f_b1,18.00309,22.49273,25.9869,30.27578,32.16918,31.11695,30.08538,35.83051,50.09999,53.33378,54.60408,58.11397,54.61024,53.0654,50.73116,44.34856,42.11502,33.31227,5.887213,6.195045,6.297836,6.410402,6.166339,6.044679,5.700991,6.002873,6.543221,6.637996,6.71154,6.779059,6.690007,6.66888,6.635221,5.813686,5.707983,5.034821,
0C_192h_air_a_b1,15.81131,20.50486,24.04352,28.34921,29.76698,28.9668,28.83792,34.19849,47.59798,51.6277,53.52062,58.98765,55.77218,54.1572,51.68114,44.75646,42.42677,33.1795,3.612155,4.3702,4.722234,5.206285,5.268203,5.215712,5.319683,5.562047,6.309495,6.439015,6.520487,6.866338,7.251975,7.169831,7.087459,6.103804,6.007792,5.236904,
0C_192h_air_b_b1,16.40412,20.37905,23.64596,27.51031,28.63078,27.70612,26.8133,33.19955,46.36522,50.5326,52.59949,59.18841,55.90681,54.28322,51.82788,45.07685,42.83186,33.91513,4.368306,4.864678,4.977849,4.87865,4.626965,4.584301,4.6297,4.836226,5.289943,5.474685,5.458909,5.471064,5.732147,5.699094,5.682,4.93098,4.860788,4.248354,
0C_192h_air_c_b1,17.79932,23.65174,27.45476,31.87731,33.72891,33.16938,34.61002,39.63982,50.03212,53.83509,55.86353,62.12647,57.89838,56.10749,53.43987,46.11433,43.73447,34.24288,3.267075,3.82134,3.973055,4.245117,4.31386,4.32475,4.900856,4.859503,4.889683,5.111253,5.289134,5.843415,5.911232,5.778463,5.627441,4.6856,4.568881,3.892251,
0C_192h_air_d_b1,15.27154,19.09956,22.7106,27.3506,28.63073,27.31367,24.95392,32.51311,47.97197,51.56236,53.13906,57.7815,54.79229,53.18759,50.74615,44.1794,41.98703,33.34824,3.913129,4.687906,4.849754,5.206636,5.329779,5.260812,5.175194,5.457637,6.179195,6.254953,6.257631,6.332821,6.64062,6.524626,6.365851,5.329085,5.198135,4.44033,
0C_192h_air_e_b1,13.98105,17.26477,20.83325,25.48759,27.02439,25.80556,24.13442,30.87241,46.57287,50.21053,51.72838,56.06594,53.15834,51.73852,49.57188,43.62286,41.54248,33.38659,3.711873,4.213988,4.596628,5.198986,5.288925,5.117471,4.712746,5.531409,7.045,7.438169,7.627966,8.188217,8.69102,8.590907,8.499687,7.208806,7.019147,5.787213,
0C_192h_air_f_b1,15.82247,20.17887,23.72243,27.90102,29.22976,28.1773,27.14153,34.16047,49.88785,53.75828,55.47348,60.13211,56.35781,54.76217,52.34602,45.46947,43.1527,33.98869,3.279156,3.943424,4.129034,4.406129,4.552626,4.545514,4.827354,5.113059,6.295353,6.513576,6.627351,6.651976,6.694439,6.581315,6.461777,5.421772,5.271291,4.435382,
0C_216h_air_a_b1,14.86128,19.65477,22.99474,26.74963,28.21989,27.44482,26.80282,33.54446,49.25547,53.5596,55.49689,60.42765,55.93364,54.31803,51.76891,44.92294,42.62262,33.40698,2.981004,3.795205,4.080075,4.438519,4.552746,4.45457,4.362273,4.600679,6.550146,6.57475,6.448577,5.975609,5.908114,5.825518,5.724194,4.839714,4.735267,4.151657,
0C_216h_air_b_b1,15.48035,20.4077,23.46971,26.74202,27.85063,27.26765,27.353,32.82883,46.5123,51.08247,53.26207,59.32257,55.52658,54.11782,51.85025,45.52554,43.38288,34.72177,3.671525,4.365722,4.726337,5.055992,5.155386,5.064678,4.896814,5.309234,6.425197,6.365352,6.323847,6.43096,6.401194,6.328753,6.248076,5.377593,5.269075,4.529938,
0C_216h_air_c_b1,16.38345,21.46431,24.58496,28.05765,29.45162,28.89351,29.70824,34.5138,48.54716,53.11938,55.18795,60.74509,56.78667,55.30032,52.9179,46.22514,43.99924,34.92875,4.66499,5.561988,5.807692,5.961993,5.769309,5.71237,5.915179,5.897414,6.169824,6.347973,6.486634,6.943356,6.703574,6.590065,6.48369,5.590025,5.494041,4.780085,
0C_216h_air_d_b1,17.22402,22.97246,26.1846,29.39994,30.62242,30.28168,32.17654,36.83064,46.19176,50.62889,53.1815,61.27878,56.41357,54.69471,52.08095,45.24892,42.98944,33.86019,3.417559,3.980455,4.220399,4.516729,4.531885,4.501269,5.251425,5.103589,6.365399,6.612328,6.643071,6.828856,6.916996,6.828417,6.711457,5.638477,5.452467,4.459777,
0C_216h_air_e_b1,17.02345,21.69588,24.85623,28.35537,29.32386,28.6889,29.00757,34.67542,47.04475,51.14109,53.16048,58.75731,54.07759,52.52273,50.10499,43.81594,41.65378,32.99755,4.526878,4.56628,4.83884,5.21319,5.220767,5.070984,4.943035,5.001532,6.249851,6.242941,6.194991,6.096678,6.194077,6.150772,6.104535,5.251081,5.134591,4.37763,
0C_216h_air_f_b1,18.02765,22.47089,25.37203,28.66482,29.54462,28.77955,28.80975,33.85444,49.07598,53.50195,55.35531,60.02606,56.54762,55.19614,52.99438,46.48919,44.27709,35.28636,4.662624,5.001171,5.070398,5.102816,4.948435,4.944835,5.273089,5.215685,5.512262,5.782207,5.971399,6.610324,6.741283,6.652952,6.512933,5.48099,5.339365,4.516761,
0C_216h_air_g_b1,16.64874,21.24563,24.73915,28.81337,29.70944,28.86142,29.05396,33.85751,47.71494,52.37775,54.61416,60.81009,56.43373,54.72399,52.03263,44.86984,42.48537,32.98621,4.2795,5.076001,5.342782,5.480223,5.310059,5.36562,6.113365,5.620505,4.911551,5.092009,5.165094,5.441041,5.538514,5.490681,5.436251,4.743752,4.684087,4.22614,
0C_216h_air_h_b1,15.2586,20.91208,23.93701,27.0215,28.34447,28.11894,29.869,35.4489,44.27941,48.83793,51.53262,60.19471,55.53725,53.81228,51.21134,44.53768,42.36071,33.56454,3.860829,4.130149,4.264884,4.462159,4.46582,4.446261,4.609602,5.017104,5.570424,5.668505,5.772791,6.212111,6.367819,6.28547,6.218019,5.384244,5.279412,4.539258,
0C_216h_air_i_b1,15.72666,20.52229,23.49624,26.90132,28.16259,27.72374,29.4903,33.47308,45.16057,49.94003,52.47124,60.2284,56.87039,55.33067,52.87191,46.12084,43.9372,35.01965,3.601297,4.397319,4.658803,4.966171,4.917676,4.86741,4.889172,4.905314,5.865021,6.018884,6.019193,6.019226,6.292524,6.251739,6.161495,5.283684,5.180284,4.474767,
0C_216h_air_j_b1,14.29627,18.57617,21.91507,25.98752,27.39067,26.72214,27.04311,33.08885,44.66377,49.15515,51.50864,59.59523,56.16912,54.41246,51.67063,44.62025,42.32573,33.07678,3.215346,4.104511,4.480873,4.979383,4.809979,4.655738,4.473342,4.36276,5.246875,5.217555,5.198547,5.294375,5.938167,5.846194,5.71821,4.757048,4.615554,3.846049,
0C_48h_air_a_b1,18.98786,21.94353,25.90598,31.83512,32.83912,31.0735,28.41966,34.38843,50.39046,53.33756,54.18384,56.90788,54.41151,53.06008,50.87794,44.61427,42.41519,33.74224,4.909111,5.133342,4.94908,4.642048,4.478312,4.43888,4.230661,4.430118,5.079217,5.375531,5.50592,6.087944,6.631233,6.52956,6.393696,5.373236,5.226461,4.404933,
0C_48h_air_b_b1,15.98937,19.06846,22.75377,28.3808,29.58211,27.88377,25.04213,31.04864,46.96517,50.19522,51.13614,54.77316,52.91095,51.4725,49.18629,42.93295,40.73391,32.11143,4.466683,5.085013,5.153289,5.164641,5.090716,5.060069,4.971504,5.083781,5.357397,5.489171,5.570361,5.873923,6.124302,6.027976,5.932632,5.074667,4.973491,4.2551,
0C_48h_air_c_b1,15.4699,18.65714,22.79062,29.00117,30.65803,28.97368,26.20253,32.71525,48.26217,51.36319,52.29567,55.82794,53.24271,51.77342,49.40349,43.05439,40.89259,32.37216,4.4842,4.71541,4.799722,4.808184,4.653151,4.631461,4.635509,4.745926,5.195193,5.504216,5.64161,6.230333,6.908884,6.823793,6.677962,5.599578,5.473224,4.694994,
0C_48h_air_d_b1,16.58901,19.61757,24.03307,30.73892,31.82524,29.89515,26.97573,33.29157,50.57032,53.97028,54.93883,58.38968,56.32778,54.78739,52.33259,45.36405,43.03035,33.7485,3.912608,4.404928,4.763297,5.154515,5.100019,5.05635,4.90903,5.194126,5.533922,5.698858,5.823545,6.131044,6.341862,6.216535,6.028431,4.958782,4.804235,4.00449,
0C_96h_air_a_b1,16.55413,19.90195,23.35733,28.27332,30.17875,28.69247,25.57922,33.25952,49.15977,52.24534,53.42041,57.02794,54.39977,52.8895,50.61039,44.51438,42.48219,34.3049,4.14439,4.820388,5.047982,5.279356,5.380361,5.34588,5.151999,5.777451,6.171661,6.249508,6.343543,6.564324,6.717349,6.657055,6.595665,5.755676,5.736992,5.266637,
0C_96h_air_b_b1,15.53456,20.01486,23.99508,29.20541,31.60962,30.38058,28.37633,36.26196,50.92503,54.06911,55.34822,59.25997,56.04346,54.38272,51.90252,45.18855,42.96993,34.05545,4.075884,5.246541,5.644564,6.03121,6.073229,6.117557,6.507808,6.569482,6.494685,6.680268,6.847703,7.259646,7.124891,6.989932,6.857296,5.812917,5.687331,4.812482,
0C_96h_air_c_b1,18.13027,22.88483,27.05384,32.59143,34.46423,33.09541,31.14105,37.74612,52.69773,55.88457,57.16304,61.02626,58.02905,56.3376,53.78947,46.68657,44.36374,35.02056,4.222167,4.852842,5.206775,5.687657,5.708888,5.63125,5.512614,5.787866,6.282305,6.388907,6.470718,6.570369,6.700129,6.609764,6.514277,5.539028,5.440328,4.744846,
0C_96h_air_d_b1,17.26825,22.81341,26.63671,31.07132,33.31761,32.48761,31.52321,38.92667,50.50859,53.8007,55.44649,60.67501,57.02936,55.24877,52.60748,45.60409,43.34088,34.29935,3.896312,4.815604,5.102341,5.365157,5.515257,5.595091,6.230475,6.032012,6.118488,6.187841,6.332854,6.691869,6.873135,6.756621,6.614076,5.591622,5.488201,4.768891,
10C_0h_air_a_b1,16.5491,19.62942,24.79381,32.53721,33.10266,30.88901,27.4461,34.52681,51.8292,55.00446,56.1853,59.80755,57.10439,55.28102,52.61378,45.27284,42.86214,33.51363,4.015319,4.742962,5.080589,5.347475,5.231299,5.205418,5.078104,5.170367,4.676518,4.603425,4.649951,4.64486,4.677124,4.632329,4.613866,4.185872,4.226586,4.149417,
10C_0h_air_b_b1,18.91498,22.80219,27.75541,34.87893,35.95247,33.93846,30.28582,37.16643,52.96247,55.80933,56.86023,60.09071,57.8065,56.19598,53.87936,47.13557,44.98243,36.3798,4.398266,5.668632,5.941547,6.000999,5.950247,5.908,5.594626,6.059522,6.088664,6.165175,6.248271,6.406517,6.694207,6.635606,6.62724,5.825063,5.764521,5.144353,
10C_0h_air_c_b1,15.64005,18.56986,22.76303,29.07471,30.04708,28.16082,25.25789,31.92866,48.94903,52.19212,53.29569,57.03229,55.58697,54.0171,51.67419,44.87837,42.57472,33.66935,3.631644,4.120844,4.344193,4.661302,4.661205,4.591887,4.325263,4.696787,5.169058,5.342215,5.476502,5.824136,6.316527,6.210561,6.09815,5.119641,4.99143,4.259723,
10C_0h_air_d_b1,19.31207,22.57693,27.46945,34.89239,35.96443,33.85661,30.58797,37.0701,53.31504,56.26777,57.34484,60.2611,56.98566,55.30884,52.91495,46.02591,43.72514,34.73014,3.963185,4.367918,4.829914,5.511714,5.451109,5.423431,5.625505,5.243251,5.141967,5.265395,5.405036,5.615311,5.706501,5.582266,5.4487,4.578555,4.472521,3.910586,
10C_48h_air_a_b1,17.71077,22.13391,25.75269,30.17885,31.07024,29.98968,29.34297,34.45639,50.34349,54.49726,56.02797,60.7521,57.7277,56.20879,53.75219,46.46336,44.06503,34.43649,3.440971,4.130354,4.449366,4.806627,4.939471,4.953286,5.530724,5.265192,5.179165,5.413628,5.57986,5.937783,5.996824,5.85313,5.670734,4.649408,4.508779,3.788358,
10C_48h_air_b_b1,16.81235,19.92373,23.56252,28.38398,29.66376,28.31099,26.33824,32.12382,51.12617,55.18731,56.35202,59.33048,56.46161,55.64848,52.66603,45.54493,43.16609,33.66579,3.710857,4.219689,4.437014,4.640345,4.677855,4.692247,4.794907,4.811862,4.811952,4.992102,5.103159,5.459442,5.901445,5.878801,5.693515,4.816535,4.737254,4.22164,
10C_48h_air_c_b1,18.34976,22.11359,25.68273,30.0971,30.77808,29.55781,27.32025,33.5743,49.16338,52.7227,53.93671,57.74844,54.3115,52.84779,50.49567,43.93159,41.69017,32.82033,5.496045,5.514911,5.568594,5.684546,5.433872,5.319021,4.96128,5.119305,6.246924,6.455179,6.54054,6.785748,7.004936,6.865566,6.699151,5.568654,5.391393,4.477663,
10C_48h_air_d_b1,16.59056,20.9057,24.66998,29.31964,31.11157,30.14248,29.49782,34.8489,51.42971,55.25423,56.5071,59.78425,56.54036,55.16012,52.86704,45.95489,43.63723,34.36329,4.083591,4.346929,4.46326,4.611378,4.599387,4.501019,4.319286,4.71648,6.404641,6.767896,6.936311,7.213924,7.74018,7.66936,7.536905,6.313101,6.17296,5.279954,
10C_96h_air_a_b1,16.79881,18.76616,22.43757,27.6539,29.05419,27.53402,25.18221,30.81631,46.09301,49.91792,51.26612,54.66417,54.05165,52.81369,50.76295,44.41215,42.12739,33.2731,4.109142,4.741259,5.072172,5.336145,5.160973,5.091421,4.878294,5.112092,5.637668,5.571803,5.633125,5.613173,5.711737,5.663176,5.605849,4.78342,4.648382,3.872207,
10C_96h_air_b_b1,17.48712,19.93596,24.22047,30.5597,32.41314,30.80912,28.99226,34.8354,52.14376,56.14421,57.46884,60.6768,58.58604,57.05429,54.57108,47.14993,44.70573,34.91494,5.143177,5.809149,6.114018,6.117276,5.678006,5.570193,5.241299,5.407035,5.820883,5.909441,5.998654,6.051441,6.03769,5.981217,5.945724,5.187142,5.137555,4.60283,
10C_96h_air_c_b1,17.60976,20.39326,23.86463,28.62959,30.40322,29.16467,27.10747,32.89313,49.43857,53.58406,55.05231,58.15729,56.61404,55.39186,53.38221,46.80984,44.52655,35.46387,4.221848,4.580201,4.951709,5.268537,4.982853,4.850636,4.530219,4.815722,5.263617,5.321831,5.399375,5.530615,5.868054,5.847123,5.831472,5.080419,4.993024,4.353637,
10C_96h_air_d_b1,17.82945,20.96207,24.67195,29.79938,31.84431,30.56412,29.2928,34.7942,50.50793,54.7347,56.16576,59.07415,56.98033,55.63702,53.47229,46.59621,44.21671,34.76811,3.917615,4.392222,4.71745,5.024345,5.013068,4.959001,4.855301,5.14954,5.671638,5.594679,5.652896,5.556449,5.327804,5.259521,5.201132,4.498648,4.417699,3.889246,
5C_0h_air_a_b1,17.79043,21.35765,25.92278,32.41903,33.67908,32.08867,30.38769,36.09839,52.1325,55.30313,56.48447,59.54492,56.02929,54.25592,51.6261,44.44889,42.07645,32.86803,3.57819,4.125352,4.36221,4.593997,4.762135,4.784945,4.704,5.329869,5.420572,5.489215,5.593431,5.726538,5.591305,5.478072,5.364323,4.618479,4.579357,4.272603,
5C_0h_air_b_b1,15.22738,18.39177,22.0673,27.39545,28.90379,27.43731,25.92899,30.86226,46.47473,49.67443,50.79016,53.96469,52.0124,50.54414,48.34528,42.2967,40.11621,31.78601,3.355201,3.70052,4.04111,4.527508,4.685437,4.632868,4.560852,5.111726,5.326962,5.358494,5.445923,5.577021,5.434075,5.34323,5.253067,4.558771,4.480893,3.986344,
5C_0h_air_c_b1,15.5728,18.78031,23.24435,30.01969,31.4285,29.56771,26.72205,33.43329,49.92562,53.01885,54.11074,57.46694,55.63048,54.02408,51.6338,44.90036,42.64648,33.87658,3.232284,3.960254,3.991107,3.930998,4.033707,4.075761,3.932087,4.400947,4.492394,4.602745,4.681813,4.935179,5.167971,5.084181,4.981593,4.223819,4.136786,3.688277,
5C_0h_air_d_b1,16.87516,19.97536,24.49844,31.5109,32.668,30.63524,27.50272,34.18405,51.81219,55.24318,56.43804,60.0649,58.02231,56.37652,53.92857,46.74109,44.4381,35.30551,4.495781,4.827876,5.009621,5.258911,5.029503,4.933832,4.622371,4.816425,5.196491,5.349721,5.463067,5.737097,6.088957,6.043291,5.991016,5.221941,5.211199,4.877909,
5C_168h_air_a_b1,15.09447,17.89951,21.64804,27.17345,29.49479,28.14072,26.524,32.4012,50.24023,54.79071,56.29052,59.77671,57.42992,55.94296,53.52311,46.40584,44.04424,34.66414,3.560545,4.371366,4.940748,5.634153,5.716837,5.638393,5.562465,5.943187,6.848577,6.928591,7.003231,6.990315,6.888295,6.902776,6.919367,6.164332,6.122615,5.598258,
5C_168h_air_b_b1,16.56679,19.68413,23.34247,28.43377,30.69041,29.49218,27.62586,33.90961,49.75081,54.03731,55.44612,58.4919,55.79147,54.39069,52.12438,45.41635,43.0955,33.96472,3.809227,4.513355,4.950136,5.382532,5.431861,5.378963,5.129277,5.510319,5.764333,6.020763,6.215249,6.447677,6.315165,6.285389,6.242721,5.370366,5.242612,4.466053,
5C_168h_air_c_b1,15.47379,17.91769,21.52649,26.61271,28.07092,26.52304,23.42314,30.31659,48.33183,52.40427,53.72808,57.35801,55.59493,54.07867,51.68094,44.79187,42.3957,33.08715,3.680927,4.260957,4.646177,4.932163,4.921243,4.888419,4.76589,4.909702,5.448921,5.543807,5.646524,5.681254,5.708999,5.695188,5.663662,4.874059,4.758061,4.099694,
5C_168h_air_d_b1,15.01678,18.6152,21.9471,26.35122,28.58166,27.57424,26.00343,32.03844,48.38792,52.42338,53.77744,56.20615,52.96419,51.65244,49.54271,43.52492,41.35305,32.90681,3.110794,3.79983,4.145216,4.446897,4.624808,4.632011,4.616907,5.086466,6.350155,6.819079,7.039772,7.452125,7.178041,7.091292,6.979074,5.869626,5.669805,4.65439,
5C_168h_air_e_b1,15.71088,18.45543,22.27168,27.63641,29.28651,27.87798,26.05462,32.28955,51.34933,55.87753,57.35175,60.32583,57.76,56.32693,53.96642,46.79225,44.40192,34.86464,5.134051,5.622131,6.131711,6.682168,6.54141,6.430015,6.218596,6.620203,7.302353,7.295659,7.345745,7.193668,6.88511,6.881886,6.86175,6.07448,6.022493,5.509485,
5C_168h_air_f_b1,14.90633,17.3992,20.88098,25.80751,27.6665,26.37741,24.46783,30.33028,48.17387,52.40053,53.75518,56.72812,54.29184,52.94275,50.71912,44.05919,41.66384,32.39565,4.137724,4.471961,4.87817,5.291606,5.192031,5.092745,4.955297,5.14681,5.812923,5.993776,6.106294,6.19051,6.259834,6.247506,6.205359,5.255899,5.087446,4.261942,
5C_192h_air_a_b1,16.03346,18.5568,22.10483,27.25951,29.33344,27.97058,26.39049,32.13086,49.40152,53.24072,54.49622,56.8849,54.31244,52.94361,50.7523,44.20741,41.8741,32.81699,3.605189,4.188222,4.538044,4.774755,4.652108,4.591143,4.30739,4.716532,6.083094,6.420351,6.590349,6.838673,6.90323,6.789727,6.636511,5.430176,5.222672,4.107433,
5C_192h_air_b_b1,15.93919,18.17475,21.6535,26.58923,28.47406,27.20081,25.10952,30.46537,45.86951,49.70285,50.94066,53.58727,52.25883,51.08093,49.09154,43.06742,40.85626,32.33454,3.08485,3.464124,3.843838,4.341672,4.39886,4.317732,4.128968,4.591122,5.094827,5.189653,5.292389,5.4033,5.495377,5.457935,5.426917,4.727941,4.639701,4.040106,
5C_192h_air_c_b1,16.18396,19.18225,22.85062,28.25192,30.96559,29.80342,28.76599,33.92409,49.59937,53.33298,54.51641,56.71346,53.91357,52.54269,50.29967,43.81384,41.57213,32.8405,3.556751,4.087922,4.452835,4.899209,5.007684,4.925032,4.740626,4.967214,5.661684,5.809069,5.92887,6.10434,6.175121,6.112763,6.043291,5.222259,5.158234,4.60991,
5C_192h_air_d_b1,14.43312,17.14811,20.60343,25.51266,27.99959,26.76312,24.39326,31.18249,47.52737,51.68859,53.04808,56.10941,54.23649,52.98875,50.97106,44.73533,42.50796,33.74176,3.67823,4.508718,4.868415,5.113944,5.152598,5.123035,4.967972,5.347957,6.376215,6.552547,6.689029,6.838324,6.66167,6.580983,6.519127,5.599382,5.464383,4.597275,
5C_192h_air_e_b1,15.12691,17.41243,20.71846,25.46039,27.3043,25.99161,23.5927,29.73006,46.81192,50.91713,52.23912,55.28464,53.50639,52.24442,50.16367,43.82785,41.54988,32.7312,4.308281,4.923022,5.213634,5.464477,5.285693,5.165831,4.787756,5.114109,5.877915,5.980278,6.077779,6.108396,5.905886,5.817932,5.743247,4.945541,4.854815,4.179431,
5C_192h_air_f_b1,14.41771,16.17202,19.33294,24.09127,25.67046,24.31637,22.41683,28.02454,45.37945,49.95796,51.43568,55.10814,54.11212,52.88304,50.84876,44.4867,42.2155,33.31981,4.190661,4.78046,5.344886,6.016854,5.966893,5.834293,5.477376,5.974936,6.425411,6.388911,6.436662,6.379168,6.26156,6.181617,6.115411,5.25983,5.140649,4.383624,
5C_48h_air_a_b1,16.48782,19.67631,23.44214,28.81437,30.02468,28.51446,26.28626,32.33658,49.11875,52.71771,53.75886,57.013,53.92493,52.4562,50.01999,43.36302,41.13067,32.36549,4.770996,5.675478,5.983989,6.365582,6.448304,6.39908,6.244232,6.231015,6.026723,6.060277,6.134841,6.325114,6.366142,6.21796,6.008326,5.008092,4.942643,4.482275,
5C_48h_air_b_b1,18.22563,22.26615,26.71023,32.76554,33.88852,32.19502,28.98441,35.58442,50.96996,53.99405,54.92077,58.02453,54.74059,53.15423,50.66645,43.90707,41.61082,32.62188,4.569077,4.785819,4.877091,5.063887,4.749573,4.611904,4.317197,4.342723,5.656065,6.048163,6.181391,6.755414,7.531211,7.40007,7.193656,5.884228,5.703959,4.73318,
5C_48h_air_c_b1,18.47764,22.2542,26.38824,32.20115,33.29341,31.77388,29.61762,35.82767,50.92649,54.42367,55.69667,60.38192,57.89312,56.2633,53.70929,46.52128,44.2164,34.84172,4.274141,4.526468,4.665136,4.786008,4.787278,4.791701,5.017313,5.209127,4.939363,4.972534,4.998729,5.192149,5.501815,5.416296,5.329041,4.628299,4.574099,4.14797,
5C_48h_air_d_b1,18.76332,23.60039,27.554,32.62903,34.27367,33.01754,31.27127,37.58923,51.78504,54.8583,55.93574,59.31944,55.92317,54.39517,51.95737,45.19159,42.9702,34.0912,5.315299,5.962939,6.268014,6.663647,6.625307,6.579508,6.634976,6.624169,7.289874,7.518264,7.668809,8.151715,8.44808,8.327847,8.154731,6.850802,6.723546,5.840018,
5C_96h_air_a_b1,17.48015,21.8475,25.06785,28.87737,29.95418,28.9511,27.7956,33.59732,49.09692,52.76912,54.24626,57.84057,54.11501,52.60442,50.27625,43.87679,41.65126,32.92764,5.149312,5.315502,5.490427,5.6706,5.397836,5.218462,4.842782,5.087468,6.704719,6.945608,7.039534,7.074284,7.078239,6.951425,6.799478,5.669554,5.510582,4.551508,
5C_96h_air_b_b1,15.82996,19.53226,23.08418,27.79408,29.4132,28.38191,27.98998,33.31588,48.99658,53.04424,54.80615,59.93188,57.13179,55.51649,52.98838,45.94546,43.65772,34.50921,4.77801,5.348988,5.767657,6.126526,5.939977,5.799047,5.70629,5.634141,6.182529,6.178315,6.187614,5.868868,5.895393,5.858737,5.84624,5.156074,5.102402,4.619042,
5C_96h_air_c_b1,14.80954,19.35777,22.39186,25.8218,27.31291,26.75242,26.84331,32.27894,46.33109,50.55376,52.59167,58.0471,54.17269,52.61317,50.22073,43.66053,41.38613,32.50992,3.296484,4.161839,4.496238,4.89247,5.158196,5.114116,5.145669,5.365118,6.550147,6.636886,6.690466,6.757058,6.678149,6.55715,6.427664,5.415175,5.265039,4.391754,
5C_96h_air_d_b1,15.65509,21.07827,24.06685,27.03215,27.94257,27.5141,28.63546,33.95401,44.93605,49.18188,51.47351,58.06367,53.68523,52.12707,49.80114,43.57672,41.4309,33.0182,3.372204,3.886158,4.026039,4.25943,4.304465,4.23354,4.185699,4.555439,5.868274,6.069244,6.216208,6.640614,6.948911,6.846556,6.716833,5.634423,5.462975,4.514084,
0C_0h_air_a_b2,13.93243,15.9572,19.55837,25.1426,25.89139,24.01087,20.77657,27.15681,44.59224,47.96837,48.88131,53.10352,52.93671,51.42772,48.88527,42.50034,40.34497,31.87716,4.316926,4.615604,4.577251,4.730513,4.700332,4.723361,4.429173,4.861603,5.094636,5.122024,5.23405,5.508126,6.118448,5.993797,5.826007,4.920503,4.84636,4.187116,
0C_0h_air_b_b2,16.93528,21.4117,26.17062,32.44125,34.13012,32.60779,31.06447,37.77702,53.80007,57.02267,58.13527,61.72197,59.3131,57.64979,55.01108,47.59258,45.20719,35.54053,4.105654,4.375482,4.614372,5.170332,5.199476,5.146615,5.174782,5.601661,6.076318,6.202806,6.3698,6.656193,6.929195,6.79137,6.649775,5.62321,5.499395,4.702218,
0C_0h_air_c_b2,17.96861,22.21112,26.76988,32.88153,34.63599,33.10204,30.99751,37.38209,52.75959,55.5983,56.58324,59.36926,56.20833,54.60103,52.11328,45.49948,43.28816,34.48375,4.870428,5.001247,5.012583,5.248628,5.150759,5.119075,5.078249,5.480783,6.12828,6.320681,6.474374,6.787987,6.844458,6.715462,6.594574,5.686592,5.61583,5.008774,
0C_0h_air_d_b2,16.34339,19.66813,24.3021,31.07983,32.72381,30.9119,28.19602,34.93776,52.0309,55.20583,56.24985,59.62281,57.21992,55.57891,53.0399,46.15874,43.86909,34.77832,4.401001,5.124806,5.20586,5.303815,5.249233,5.281758,5.202888,5.49925,5.505847,5.594938,5.715521,5.934505,6.072192,5.94873,5.823232,4.92253,4.839493,4.225233,
0C_168h_air_a_b2,16.818,20.11713,23.03201,26.581,27.71247,26.66582,25.44753,30.85596,48.73474,53.27155,54.78029,58.62269,56.11155,54.90831,52.76741,46.23188,44.00655,34.82483,5.334416,5.713023,5.709645,5.738025,5.599751,5.540427,5.2307,5.4497,5.967936,6.190314,6.320358,6.703023,6.786473,6.757583,6.627356,5.612295,5.482688,4.606683,
0C_168h_air_b_b2,15.0174,19.22138,22.61383,26.6642,28.4346,27.47334,26.05536,32.219,48.59035,52.29778,53.52394,56.27186,52.09829,50.72161,48.44807,42.46395,40.36177,31.83212,4.242982,4.56775,4.68594,5.002756,5.225222,5.173808,4.983459,5.429213,6.730699,7.000138,7.146416,7.310316,6.831102,6.750513,6.569782,5.505076,5.37143,4.435835,
0C_168h_air_c_b2,15.60577,18.55078,21.62142,25.4667,26.84352,25.82525,24.52718,30.04061,48.50446,52.93376,54.50573,57.94076,54.46864,53.16663,50.93288,44.57982,42.41803,33.54805,4.518762,4.845208,4.846759,5.029642,5.180004,5.141072,5.148033,5.341966,5.993854,6.243435,6.392787,6.633948,6.504569,6.413899,6.254087,5.300644,5.207201,4.546113,
0C_168h_air_d_b2,16.84772,20.3845,23.59101,27.55906,28.71411,27.69867,27.2301,32.3532,49.34029,53.79649,55.42924,59.53064,56.67041,55.39594,53.15048,46.4146,44.16142,34.86023,5.000307,5.01766,4.951087,4.964657,4.827771,4.789612,4.718118,4.851149,5.59181,6.018937,6.259484,6.997522,7.351826,7.321045,7.19951,6.135417,6.015633,5.180689,
0C_168h_air_e_b2,14.93913,18.28664,21.6938,25.96938,27.62483,26.4486,24.43208,30.70171,48.73789,52.59208,53.73903,56.29895,52.79167,51.51583,49.34107,43.30215,41.16047,32.50269,3.856144,4.318759,4.340666,4.494286,4.568396,4.574048,4.4266,4.668423,5.541683,5.838262,6.073584,6.350087,6.017817,5.960917,5.812221,4.818134,4.676625,3.829102,
0C_168h_air_f_b2,16.89146,20.00636,23.33924,27.79949,29.96413,28.91504,27.75098,33.22234,50.83738,54.53236,55.60198,57.64355,54.41242,53.19676,51.08775,45,42.9199,34.34027,4.70407,4.894777,4.844486,4.887058,4.939887,4.965318,4.829661,5.22613,5.89456,6.166392,6.308698,6.602294,6.491532,6.443038,6.335929,5.448574,5.37992,4.747852,
0C_192h_air_a_b2,14.7408,17.48511,20.28813,23.83995,25.27804,24.29757,23.14457,28.5392,46.17133,50.81767,52.37077,56.69171,54.93039,53.92208,51.94754,46.04563,44.05045,35.53292,5.496412,5.760122,5.730653,5.904865,5.828829,5.699095,5.334488,5.636506,6.620502,6.956583,7.083694,7.3527,7.748959,7.77592,7.730132,6.589434,6.411271,5.230974,
0C_192h_air_b_b2,15.88512,19.6876,23.04424,27.09545,28.97749,27.98533,26.59419,33.13403,50.30774,54.23973,55.55522,58.73878,55.07949,53.76801,51.44025,45.1623,43.07438,34.39528,4.892843,5.498653,5.704708,6.11384,6.293458,6.169588,5.921543,6.228338,7.111662,7.247142,7.323939,7.473389,7.384774,7.325164,7.244832,6.222539,6.123484,5.285685,
0C_192h_air_c_b2,16.43164,19.65017,23.01438,27.46311,29.60634,28.58352,27.68243,33.49815,51.52109,55.61586,56.90601,59.86599,56.29047,54.86547,52.37186,45.55992,43.32892,34.0942,4.39673,4.889916,4.992169,5.227868,5.303934,5.197691,4.959004,5.442949,6.371236,6.640354,6.777986,7.105423,7.003107,6.933402,6.851709,5.867186,5.793185,5.146017,
0C_192h_air_d_b2,14.48203,16.39783,20.17232,25.65986,28.01153,26.56035,24.06031,31.34286,52.47161,57.28528,58.65374,62.12019,60.84721,59.49831,56.98429,49.37226,46.98255,36.78838,3.767254,4.174164,4.361117,4.730097,4.891507,4.817468,4.511083,4.869979,5.594964,5.746197,5.825446,6.018534,6.207269,6.191515,6.172353,5.305913,5.228671,4.53947,
0C_192h_air_e_b2,14.75388,17.88424,21.19488,25.49799,27.66673,26.6673,25.17708,31.66612,50.54647,54.97026,56.35866,59.83651,57.32357,56.11159,53.85606,47.27213,45.14759,36.15231,4.567854,4.854348,5.04923,5.455712,5.642882,5.517761,5.204041,5.705031,6.977512,7.265934,7.397192,7.757119,8.064837,8.049159,8.00962,6.925803,6.835107,5.932317,
0C_192h_air_f_b2,13.99226,16.99072,20.17447,24.4057,26.59246,25.59791,23.95173,30.75308,48.01036,52.00774,53.26651,56.50011,54.02222,52.82784,50.65972,44.65096,42.60019,34.10192,3.868327,4.482794,4.681253,5.056188,5.218175,5.178525,5.23527,5.64713,6.59093,6.932747,7.130324,7.691489,7.889194,7.792785,7.630781,6.323281,6.115479,4.823747,
0C_216h_air_a_b2,14.4431,17.65121,20.75797,24.763,27.25852,26.37597,25.02466,31.69248,48.53112,52.39983,53.67999,56.70396,53.28954,51.9216,49.54443,43.31399,41.19065,32.51534,4.252807,5.06445,5.299316,5.446908,5.713483,5.721383,5.76324,5.90951,6.739368,7.064447,7.251673,7.533529,7.24444,7.111282,6.89362,5.635885,5.449449,4.356853,
0C_216h_air_b_b2,14.44952,16.10027,18.90931,22.94633,24.30952,22.99986,21.11706,27.47892,45.88664,49.82361,50.91691,53.49062,51.49471,50.34182,48.18382,42.36484,40.32019,31.95035,4.847915,5.11841,5.264461,5.375614,5.323833,5.221315,4.925047,5.310446,5.972762,6.113485,6.216112,6.468289,6.709954,6.691875,6.616842,5.802954,5.746111,5.086444,
0C_216h_air_c_b2,14.42451,17.84643,21.14814,25.22072,27.15213,26.13073,24.43032,30.7716,48.01294,51.82978,53.06145,55.79023,52.2747,50.98158,48.69617,42.74412,40.70589,32.35739,4.569774,5.509428,5.894629,6.180672,6.322528,6.253951,6.037418,6.412127,7.425634,7.661298,7.835079,8.083659,7.955689,7.870037,7.748681,6.58733,6.467708,5.443721,
0C_216h_air_d_b2,13.04387,15.38279,18.61901,23.23783,25.33337,24.04948,21.84274,28.36841,45.67676,49.03149,49.92375,52.03272,49.75471,48.61801,46.53579,41.01588,38.97515,30.82104,3.538757,3.907833,4.102417,4.420499,4.681076,4.606242,4.462589,5.047026,6.175089,6.513075,6.692873,7.000214,6.854773,6.740689,6.57341,5.411578,5.226586,4.100694,
0C_216h_air_e_b2,13.5064,15.39479,18.15256,21.99016,24.06612,23.10228,21.90302,28.07077,45.77709,49.98515,51.2901,54.5361,52.19991,50.99499,48.80991,42.89854,40.83197,32.42159,4.480794,4.756791,4.774187,4.647687,4.549159,4.477561,4.21312,4.625288,5.611648,5.987493,6.15673,6.606878,6.590505,6.525589,6.361084,5.331078,5.214951,4.405766,
0C_216h_air_f_b2,14.7987,17.49573,20.57997,24.54051,25.95571,24.79601,22.91012,29.63909,49.299,53.78864,55.20145,58.61473,55.62233,54.36181,52.08698,45.51497,43.31417,34.17833,4.641058,4.897299,4.93245,4.981167,5.010693,4.934696,4.75895,5.068823,6.507628,6.906062,7.092246,7.310817,7.355157,7.274156,7.132197,6.006242,5.855326,4.909243,
0C_216h_air_g_b2,15.548,19.30652,22.28388,25.77612,27.46414,26.61811,25.79848,31.51593,48.30523,52.41096,53.859,57.32255,54.02478,52.81812,50.65775,44.56398,42.45868,33.78366,4.098792,4.663948,4.747059,4.838722,4.999606,4.951133,4.831405,5.369812,6.282629,6.490054,6.594408,6.711157,6.653057,6.603941,6.49702,5.576065,5.4651,4.615797,
0C_216h_air_h_b2,16.81301,19.63091,23.19666,27.90124,29.53801,28.26033,26.40922,32.3943,52.26606,56.78283,58.23186,61.48074,58.50978,57.08206,54.55176,47.22994,44.89559,35.14472,4.346784,4.668704,4.889812,5.256507,5.518122,5.417229,5.20509,5.6653,6.896369,7.127642,7.197165,7.182816,7.268249,7.22916,7.128348,6.120561,6.067804,5.433641,
0C_216h_air_i_b2,13.83866,17.1068,20.27566,24.27616,26.56229,25.73937,24.97669,31.41923,47.17461,51.00117,52.31706,55.79307,52.55297,51.30511,49.13852,43.45299,41.52492,33.56153,4.286974,4.739773,5.053457,5.425003,5.556984,5.436098,5.228658,5.855097,7.63846,8.179108,8.464634,9.201293,9.494308,9.461305,9.35348,8.005979,7.897693,6.780031,
0C_216h_air_j_b2,16.97655,19.3874,23.03897,27.99594,29.55863,28.13524,25.73269,32.61969,53.12464,57.48918,58.81219,61.72023,58.84368,57.39349,54.86761,47.61061,45.29152,35.6071,3.989777,4.37277,4.522777,4.649664,4.620316,4.556365,4.387567,4.771776,5.85937,6.143003,6.2541,6.468668,6.785999,6.76802,6.690621,5.79743,5.737565,5.06168,
0C_216h_air_k_b2,17.74631,20.41985,23.51912,27.36093,28.67598,27.47522,25.78877,31.50093,50.7429,55.1215,56.58045,59.7288,56.9233,55.7833,53.76712,47.51484,45.41079,36.57902,4.182195,4.7144,4.929718,5.108478,5.207442,5.100744,4.859021,5.238507,5.911674,6.07387,6.193873,6.3682,6.480635,6.46176,6.387716,5.551317,5.469569,4.713984,
0C_24h_air_a_b2,18.18602,21.06137,24.98756,30.40464,32.1921,30.71482,28.16452,34.33231,52.35664,55.81611,56.77851,60.00008,58.22509,56.75441,54.2076,47.35529,45.23551,35.99926,5.033123,5.216275,5.210198,5.37255,5.435621,5.422474,5.24644,5.832927,5.985275,5.982422,6.026366,5.981917,5.769636,5.696245,5.677763,5.085945,5.080624,4.685829,
0C_24h_air_b_b2,16.63844,20.34107,24.96826,31.42867,32.95535,31.18396,28.35253,35.20498,52.49428,55.76862,56.71737,59.86087,57.07085,55.48655,52.83648,45.92772,43.77251,34.51607,3.637603,4.430132,4.868878,5.626344,5.753869,5.742869,5.924961,6.294537,6.379402,6.468287,6.595545,6.702494,6.545619,6.439051,6.358336,5.547734,5.501585,4.903336,
0C_24h_air_c_b2,16.72559,20.77065,25.00925,30.78861,32.51645,30.88669,27.70457,34.9218,49.93185,52.58465,53.32732,56.1157,53.16394,51.59872,49.01895,42.81549,40.74563,32.13739,4.802027,5.569387,5.66918,5.90732,5.822527,5.725578,5.278589,5.804579,6.490017,6.634411,6.727776,6.969143,6.877128,6.749359,6.629347,5.716141,5.662996,4.951851,
0C_24h_air_d_b2,16.75381,20.06671,24.47962,30.48566,32.2187,30.61045,28.55464,34.84129,52.89519,56.3257,57.25901,60.10247,57.76614,56.27622,53.70364,46.72931,44.54766,35.20299,3.511375,3.899466,4.175866,4.768301,4.875451,4.774644,4.631362,5.103179,6.084193,6.28348,6.390004,6.541921,6.62657,6.535594,6.454036,5.542098,5.464518,4.697092,
0C_72h_air_a_b2,17.92924,21.89285,25.65934,30.88037,32.68305,31.34422,29.65218,36.19776,50.84298,53.92444,55.03288,58.67759,55.96658,54.3684,51.78268,45.07173,42.95661,34.12613,5.202099,5.390135,5.289406,5.437016,5.114372,5.037479,4.616416,4.824239,5.6578,5.854285,5.992842,6.390357,6.891696,6.780594,6.631744,5.575565,5.459533,4.577982,
0C_72h_air_b_b2,15.95616,20.38132,24.51586,30.00453,32.17527,30.77815,28.45001,36.07192,50.9476,53.78685,54.74797,58.35314,54.58385,53.00653,50.46161,44.02411,41.93794,33.33168,4.0281,4.41069,4.64687,5.188426,5.142415,5.151197,5.199755,5.301783,5.747202,5.878527,6.028998,6.481455,6.608144,6.452732,6.230894,5.13864,5.017102,4.25523,
0C_72h_air_c_b2,17.06916,22.38519,26.0653,30.32975,32.61441,31.70984,30.23962,38.34692,50.7958,53.69893,55.00644,58.70951,53.87005,52.21903,49.66655,43.39682,41.36671,33.0391,4.028171,4.393509,4.54389,4.8626,5.036582,5.050127,5.287024,5.41345,6.135048,6.22523,6.359441,6.754655,6.620882,6.505224,6.368534,5.46515,5.421871,4.890448,
0C_96h_air_a_b2,18.31863,21.76856,25.42352,30.10983,31.59432,30.23289,28.80947,34.72246,53.90519,57.83984,59.08411,61.56368,57.95397,56.54726,54.19643,47.19186,44.88737,35.38327,4.967994,4.903004,4.895286,5.03568,5.106285,5.056067,4.859723,5.27254,6.044246,6.232649,6.330606,6.632576,6.845114,6.800981,6.746013,5.92658,5.889099,5.361787,
0C_96h_air_b_b2,16.95194,20.91712,24.72221,29.61043,31.33727,30.12774,28.59535,34.80709,51.67219,55.10606,56.26273,59.25256,55.76442,54.28951,51.84832,45.20177,43.00512,34.03115,4.947722,5.539958,5.726414,6.069118,6.32474,6.346119,6.265807,6.915153,7.430767,7.58532,7.696229,7.98954,7.813241,7.66898,7.496814,6.384766,6.28447,5.4359,
0C_96h_air_c_b2,15.50253,19.12635,22.4845,26.64308,27.93734,26.8511,25.86424,31.71116,47.95562,51.70332,53.08884,56.85936,53.73436,52.39944,50.17764,44.0795,41.99216,33.48497,4.757291,5.276956,5.386013,5.55029,5.492912,5.510373,5.372343,5.823726,6.455233,6.739324,6.922117,7.423352,7.510491,7.407512,7.27959,6.227957,6.123633,5.227184,
0C_96h_air_d_b2,17.15031,20.94506,24.6177,29.22722,30.77901,29.48305,27.92443,34.10154,51.36863,55.12187,56.44221,60.02895,56.71741,55.19693,52.70835,45.74171,43.4706,34.13744,4.385315,4.689455,4.741877,5.001923,5.053714,5.048072,4.913533,5.420468,5.824182,5.878968,5.970557,6.31183,6.553687,6.443449,6.324173,5.473629,5.425685,4.816321,
10C_0h_air_a_b2,19.00493,24.07167,28.56126,34.217,35.488,34.20522,32.98262,38.97228,51.75539,54.67046,55.987,59.81017,55.64831,53.97061,51.45251,44.89299,42.66972,33.96481,4.029676,4.385586,4.398138,4.603549,4.694162,4.758648,5.284178,5.265421,5.153363,5.31819,5.506702,6.051051,5.915289,5.762199,5.567787,4.617714,4.504164,3.833786,
10C_0h_air_b_b2,15.18653,18.35686,22.66028,28.76821,30.66846,29.12707,26.84267,33.44507,50.54169,53.72945,54.77166,58.02023,56.02409,54.57288,52.24097,45.71158,43.4794,34.74829,4.414447,4.844644,5.177022,5.820077,5.92625,5.873446,5.730195,6.128709,6.696159,6.828464,6.946282,7.192822,7.399543,7.284781,7.161902,6.06961,5.941493,5.080882,
10C_0h_air_c_b2,17.15539,20.95283,25.59923,32.29972,33.77014,31.98268,29.44945,35.57472,50.74863,53.70241,54.73312,58.08622,55.41793,53.81453,51.33534,44.75792,42.51175,33.76039,4.813662,5.337519,5.675798,6.167654,6.325854,6.381008,6.651821,6.659255,6.119049,6.026835,6.080694,6.014154,5.834758,5.728195,5.640936,4.914961,4.884487,4.467724,
10C_0h_air_d_b2,15.58052,18.7558,23.18806,29.71851,31.10803,29.07449,25.47978,33.26808,50.10145,52.93702,53.83787,56.94855,54.46964,52.92193,50.5645,44.30616,42.1195,33.64076,3.913781,4.263482,4.233604,4.511543,4.702114,4.664953,4.482721,5.251869,5.986,6.117015,6.261892,6.432931,6.258821,6.114791,5.912882,4.945119,4.809714,4.084483,
10C_24h_air_a_b2,14.77556,17.67705,21.4285,26.73159,28.30916,26.64392,23.1037,30.49022,46.9406,49.94373,50.7967,53.9934,51.66785,50.22575,47.81843,42.01654,40.04579,31.881,3.965199,4.124634,4.306323,4.823186,4.805316,4.707825,4.359802,4.772202,5.607114,5.839256,5.927423,6.345691,6.600488,6.474395,6.313996,5.336031,5.254658,4.5492,
10C_24h_air_b_b2,18.26366,21.71274,26.09795,32.17017,33.4493,31.70437,28.74494,35.83594,53.09343,56.32858,57.27108,60.60947,57.99457,56.36703,53.60193,46.39706,44.21164,34.78805,4.624439,4.95203,4.86447,5.043045,5.008308,4.969035,4.68891,5.083218,5.62339,5.80741,5.910809,6.294904,6.740543,6.688518,6.631112,5.82973,5.824026,5.293093,
10C_24h_air_c_b2,15.62217,19.0361,23.01848,28.53884,30.31983,28.8439,26.31092,33.08996,50.29856,53.72499,54.71003,58.30341,56.27398,54.77066,52.20878,45.53886,43.41407,34.37351,3.835403,4.313468,4.60576,5.221295,5.369462,5.350108,5.251739,5.704302,6.316663,6.520926,6.674138,7.027309,7.258446,7.132202,7.005166,5.914902,5.792156,4.841465,
10C_24h_air_d_b2,15.9565,18.96594,23.12272,29.00182,30.5915,28.86411,25.92727,32.81163,50.76443,53.95051,54.77151,57.58697,54.94646,53.4443,50.93483,44.52358,42.41821,33.5787,4.895621,5.118683,5.230233,5.430037,5.26327,5.169813,4.761431,5.10062,5.355997,5.406761,5.47859,5.582731,5.527423,5.436485,5.412192,4.786678,4.748583,4.253443,
10C_72h_air_a_b2,17.82851,20.88415,24.87517,30.2938,32.3403,30.94903,28.86557,35.0615,53.39211,57.28839,58.5159,60.96504,57.63902,56.1296,53.5568,46.28601,43.95985,34.41909,4.448279,4.856862,5.14625,5.522923,5.510534,5.413846,5.015327,5.534303,6.21661,6.39028,6.477564,6.664993,6.887936,6.838637,6.764597,5.862617,5.806797,5.268379,
10C_72h_air_b_b2,16.58016,19.32136,22.67831,27.3452,29.34361,28.10258,26.29854,32.35294,50.85165,55.03588,56.39466,59.42955,57.04128,55.76666,53.5247,46.7748,44.56133,35.36668,4.399733,4.719018,4.834344,5.134488,5.243231,5.20441,4.920956,5.425853,6.622059,6.801088,6.901404,7.008031,7.113794,7.039405,6.935338,5.900297,5.767706,4.85021,
10C_72h_air_c_b2,14.71685,17.13217,20.58328,25.67104,28.15901,26.8749,25.14665,31.13559,46.11945,49.2468,50.16529,52.27918,49.93486,48.73364,46.62336,40.99163,38.93286,30.84955,3.389679,3.584271,3.675129,3.936718,3.977651,3.9658,3.645922,4.236277,5.904452,6.119267,6.292962,6.678483,6.792491,6.657966,6.46867,5.243291,5.065264,3.956845,
10C_96h_air_a_b2,18.55667,21.23273,25.17487,30.62208,32.55726,31.1199,28.93901,34.60937,52.33012,55.88218,56.8699,58.76729,55.3376,53.90982,51.45575,44.41766,42.0789,32.6762,5.463715,5.850719,6.032433,6.124386,6.035577,5.974985,5.523888,5.782698,6.391023,6.620013,6.725165,7.00639,7.194563,7.129612,7.041216,6.066816,6.027798,5.397381,
10C_96h_air_b_b2,17.24705,19.73119,23.59447,28.89968,31.02525,29.64336,27.10912,33.06931,50.66544,54.35867,55.38145,57.56237,55.27631,54.08805,51.93659,45.17863,42.8195,33.39845,5.11769,5.496747,5.567802,5.66505,5.547065,5.520735,5.26981,5.407156,6.085248,6.254142,6.345965,6.536058,6.767639,6.696807,6.604876,5.660635,5.549028,4.749907,
10C_96h_air_c_b2,16.26689,18.6886,22.18402,27.23556,29.52904,28.25316,26.21656,32.11905,50.12068,53.86731,54.93168,57.05243,54.36753,53.19793,51.06418,44.46331,42.16214,33.02134,5.621023,5.851106,5.926195,6.034093,5.8674,5.791238,5.399045,5.665711,6.561245,6.863561,6.989624,7.321153,7.432722,7.327684,7.186917,6.034992,5.902057,4.989618,
10C_96h_air_d_b2,12.60918,14.07217,17.19099,22.05688,24.33731,22.90726,20.41723,26.95532,45.77576,50.09088,51.27841,54.46661,53.06698,51.96311,49.8707,43.47996,41.21714,32.19798,4.206802,4.918262,5.64272,6.896961,7.348431,7.239064,7.18733,7.031569,6.790205,6.642221,6.643513,6.575398,6.533337,6.433087,6.278684,5.285602,5.154913,4.244084,
5C_0h_air_a_b2,15.05531,18.24817,22.7973,29.35391,30.43469,28.63966,25.72583,32.33165,49.15437,52.46447,53.57599,57.36311,55.44524,53.84582,51.33974,44.63612,42.3385,33.44913,3.866816,4.21588,4.304891,4.527269,4.655041,4.649226,4.494627,4.695129,5.124673,5.253744,5.377496,5.716618,6.181457,6.080113,5.94348,5.012801,4.897484,4.182971,
5C_0h_air_c_b2,17.26493,21.07046,25.4678,31.67706,33.57539,31.9348,29.52179,35.85305,51.47763,54.25578,55.1431,57.63126,54.27352,52.81239,50.58511,44.52112,42.36289,33.94012,5.167264,5.544656,5.60448,5.865213,5.90495,5.824286,5.584652,6.031105,7.069149,7.278496,7.432704,7.747093,7.821951,7.696134,7.564725,6.413941,6.242138,5.208053,
5C_0h_air_d_b2,17.90402,22.35416,27.34715,34.29792,35.87264,33.94102,30.62514,38.13884,53.68433,56.50872,57.51324,60.75149,57.62546,55.97477,53.46989,46.6122,44.3145,35.22451,4.533348,4.638945,4.819707,5.395888,5.44303,5.385736,5.39942,5.952288,6.553535,6.771173,6.918668,7.359124,7.532427,7.401343,7.257722,6.179807,6.04743,5.18637,
5C_168h_air_a_b2,17.00153,18.56532,21.54131,25.94671,28.4798,27.40652,25.81557,31.26851,47.93785,51.48741,52.44899,54.66112,53.14581,52.12146,50.17542,44.28403,42.20435,33.66359,5.129084,5.564621,5.552002,5.491771,5.131208,5.07481,4.692878,4.828215,5.184164,5.376899,5.507397,5.795923,6.098989,6.133055,6.055187,5.219534,5.135585,4.405781,
5C_168h_air_b_b2,14.83868,16.5764,19.552,23.8668,25.94156,24.69516,22.50984,28.68175,48.27046,52.50518,53.71247,56.47358,54.79848,53.65428,51.56004,45.22935,43.04628,34.11087,4.81955,5.261324,5.259361,5.249273,5.083938,5.069979,4.819943,4.82504,5.30863,5.687403,5.897554,6.288977,6.293315,6.206587,6.010494,4.920399,4.737643,3.794363,
5C_168h_air_c_b2,16.75276,19.19943,22.2763,26.49675,28.36332,27.08836,24.54646,31.15543,49.13822,52.82888,53.74819,56.03138,53.9007,52.80724,50.80706,44.92721,42.91591,34.53144,4.481308,4.849425,4.964294,5.182467,5.296379,5.264979,5.209239,5.320502,5.641583,5.817078,5.938862,6.197611,6.369431,6.351426,6.244914,5.349167,5.268169,4.552334,
5C_168h_air_d_b2,14.85185,17.002,20.48161,25.44459,28.31006,27.16594,25.17907,31.41982,47.8216,51.14376,52.0271,54.08838,52.43033,51.30044,49.22767,43.22731,41.08835,32.425,3.653328,4.215581,4.501382,5.109421,5.451571,5.426094,5.342719,5.780947,6.446689,6.650242,6.762974,6.905113,6.508809,6.406562,6.212402,5.15543,5.012632,4.03884,
5C_168h_air_e_b2,16.33003,18.61266,21.95059,26.69464,28.46772,27.09825,24.80381,31.05917,51.00761,55.15709,56.2806,58.73373,56.75274,55.59196,53.44838,46.86668,44.69071,35.4809,3.709635,4.020667,4.079549,4.379929,4.598931,4.557071,4.363209,4.904973,6.111187,6.478707,6.638594,6.923602,6.845702,6.75733,6.586715,5.530052,5.378417,4.455502,
5C_168h_air_f_b2,16.76905,18.55778,21.8461,26.28953,27.62083,26.11424,23.01625,30.14224,52.34935,57.08158,58.39071,61.51626,60.34366,59.10813,56.77754,49.30598,46.94374,36.88033,4.453928,4.686237,4.71299,4.801661,4.860983,4.856239,4.777766,4.775928,4.79679,4.959019,5.091559,5.283811,5.362004,5.343806,5.247661,4.544218,4.520713,4.145334,
5C_192h_air_a_b2,13.81693,15.50877,18.4226,22.73023,24.97045,23.70164,21.13279,27.79636,44.91357,49.07384,50.26733,53.12849,51.71317,50.70739,48.75291,43.20082,41.14996,32.94113,3.534603,3.697021,3.773795,4.198005,4.531844,4.420305,4.146735,4.991989,5.654431,5.554818,5.600562,5.675723,5.50212,5.446403,5.415246,4.682429,4.601326,3.944917,
5C_192h_air_b_b2,15.03037,17.35362,20.89195,25.92605,28.4326,27.14482,25.06384,31.7056,49.30596,53.49128,54.71279,57.578,56.30447,55.19379,53.04579,46.46822,44.23679,34.9674,4.405508,5.023563,5.474062,6.283176,6.501876,6.407384,6.594746,6.341021,6.490808,6.388553,6.373324,6.364286,6.22843,6.141933,6.007108,4.93877,4.769454,3.788456,
5C_192h_air_c_b2,15.72956,17.68966,20.74723,25.23289,27.96799,26.93439,25.71844,31.03211,47.49648,51.22988,52.24027,54.67744,52.96465,51.88101,49.74724,43.64513,41.49688,32.77594,4.336766,4.718253,4.840469,5.138869,5.135867,5.010128,4.643678,5.150943,5.823333,5.906372,5.992111,6.135722,5.973833,5.922988,5.837026,4.92454,4.801348,3.987301,
5C_192h_air_d_b2,16.39729,18.73974,22.24938,27.39743,29.60027,28.26966,26.31405,32.23692,51.77961,56.4635,57.77827,60.76689,59.37532,58.24598,56.09586,49.10355,46.80926,37.11562,3.907632,4.125565,4.178124,4.484946,4.3711,4.249791,3.90805,4.374209,5.976591,6.21753,6.340613,6.564602,6.686194,6.6117,6.468332,5.292142,5.092562,3.963086,
5C_192h_air_e_b2,16.09423,18.58784,21.84212,26.52851,29.57966,28.57478,27.18338,33.22718,49.33634,52.86833,53.8307,56.07769,53.58934,52.50063,50.49308,44.74454,42.75607,34.5127,4.294742,4.867618,5.099771,5.54627,5.965371,5.963296,5.956472,6.481502,7.321906,7.514637,7.646321,7.914671,7.62133,7.554734,7.49432,6.384165,6.232899,5.162069,
5C_192h_air_f_b2,15.06859,17.36671,20.52895,25.01084,28.15819,27.19138,25.61473,31.5035,47.40319,51.18811,52.24343,54.79684,52.96817,51.92457,49.91801,44.03656,41.92674,33.40282,3.93697,4.403012,4.659989,5.187968,5.665893,5.620628,5.577098,6.058101,6.567575,6.501173,6.5635,6.565792,6.295571,6.237017,6.200529,5.315175,5.211997,4.432377,
5C_24h_air_a_b2,16.21119,20.15159,24.2091,29.63403,31.92356,30.57524,27.92172,34.8823,50.03954,52.78624,53.58657,56.36327,53.40086,51.92099,49.46608,43.42269,41.39704,32.94587,3.470441,4.090629,4.242626,4.476671,4.672167,4.686166,4.56709,5.016272,5.288448,5.368643,5.48222,5.645627,5.49942,5.390718,5.29059,4.551949,4.473574,3.837003,
5C_24h_air_b_b2,17.39095,19.39577,23.86564,31.01679,32.26315,30.04608,26.32692,32.94245,50.25405,53.15377,53.88343,56.56228,54.05288,52.51778,49.94159,43.54936,41.41354,32.60863,4.384734,4.635653,4.765935,5.235589,5.150157,5.030862,4.723818,5.142909,6.097186,6.305985,6.395114,6.675916,6.601186,6.471725,6.34018,5.402343,5.359043,4.62879,
5C_24h_air_c_b2,15.97243,19.71301,23.96606,30.14563,32.21631,30.56126,27.6824,35.13533,51.80726,55.12786,56.19882,60.06373,58.05788,56.50889,53.88302,46.96347,44.8592,35.73817,3.445687,4.227426,4.593446,5.279854,5.451913,5.500691,5.867046,5.76088,6.120905,6.300736,6.456237,6.857416,6.814013,6.67956,6.528634,5.559667,5.478212,4.777296,
5C_24h_air_d_b2,14.79979,16.18078,20.47563,27.90144,28.36392,25.95696,22.18711,28.15249,46.384,50.00484,50.94275,55.19605,54.82874,53.26638,50.5702,43.82406,41.65523,32.52663,4.803933,4.663868,4.648074,4.947629,4.666117,4.56899,4.219103,4.387437,4.589983,4.648075,4.732959,4.893369,5.224435,5.138571,5.100607,4.399475,4.340525,3.75954,
5C_72h_air_a_b2,16.14216,21.80799,25.58934,29.77734,31.71301,30.87253,30.32735,36.97415,52.20689,55.96535,57.51083,61.33006,56.75492,55.1575,52.58096,45.66301,43.4515,34.26752,3.932827,4.591395,4.78055,5.078289,5.303358,5.298463,5.201794,5.558697,6.601873,6.705029,6.777719,6.759155,6.639437,6.553269,6.438369,5.437162,5.312034,4.46905,
5C_72h_air_b_b2,15.25893,21.21435,24.80037,28.8658,30.74323,30.13442,30.7655,36.64672,48.63313,52.21426,53.87457,58.70887,54.45621,52.84087,50.28167,43.87252,41.79972,33.25737,4.098876,5.007543,5.394732,6.086785,6.502563,6.550739,7.175363,6.840627,7.074993,7.061448,7.101973,7.222283,7.141448,6.963994,6.710718,5.444479,5.261612,4.099959,
5C_72h_air_c_b2,17.89921,23.04883,26.66084,31.04405,32.53438,31.44887,30.50187,35.92442,50.21095,53.39666,54.64288,57.99928,54.14011,52.56028,49.9938,43.50597,41.35477,32.61339,4.95698,5.406719,5.56031,5.807298,5.767027,5.746952,5.595265,5.854357,6.207516,6.223917,6.336121,6.489672,6.514082,6.426563,6.334116,5.477804,5.42012,4.792679,
5C_96h_air_a_b2,18.41684,23.29628,26.72084,30.75046,32.0854,31.26517,31.39285,36.41888,52.11427,56.54799,58.38803,63.05582,59.83209,58.44349,56.10021,48.77194,46.45382,36.76963,4.802596,4.960743,5.016972,5.206694,5.329545,5.295053,5.581916,5.421648,6.76159,7.137881,7.228105,7.688071,8.259696,8.217273,8.10952,6.918089,6.799966,5.853132,
5C_96h_air_b_b2,18.41269,22.6153,25.82426,29.88452,31.4931,30.65499,30.69847,35.37278,51.85051,56.10248,57.73842,61.5914,58.81162,57.42895,55.08957,47.91473,45.58738,35.97525,4.119975,4.431181,4.504282,4.744988,4.978292,4.944468,5.036683,5.301595,6.53148,6.844973,6.999355,7.601891,8.10737,8.003043,7.827247,6.575368,6.399429,5.312278,
5C_96h_air_c_b2,18.13862,21.96141,25.49238,29.8528,31.17582,29.95757,28.29591,34.27091,52.60411,56.59904,57.89564,60.66768,57.03728,55.71384,53.4661,46.68008,44.42774,35.19223,4.09996,4.336353,4.27916,4.372699,4.530471,4.562491,4.521958,4.783222,5.712045,6.046765,6.224142,6.806444,7.086727,6.993488,6.858625,5.80549,5.673491,4.848838,
5C_96h_air_d_b2,16.94401,20.67673,24.14948,28.5002,30.1306,29.00009,27.47532,33.63155,51.24601,54.94804,56.18036,58.58801,54.47804,53.12014,50.80367,44.30474,42.10703,33.25824,5.05059,5.142077,5.146724,5.263032,5.251169,5.222731,5.023347,5.233533,6.609062,7.054597,7.269257,7.862331,8.060834,7.964183,7.785506,6.568365,6.456102,5.582745,
